name;id;results;time;error;timestamps;httpRequests
interactive-short-1;0;1;1080;false;1079;39
interactive-short-1;1;1;541;false;540;38
interactive-short-1;2;1;435;false;434;34
interactive-short-1;3;1;390;false;389;13
interactive-short-1;4;1;556;false;555;33
interactive-short-2;0;1;135814;true;32116;
interactive-short-2;1;1;121864;true;28895;
interactive-short-2;2;1;119185;true;22188;
interactive-short-2;3;1;119258;true;49075;
interactive-short-2;4;0;120696;true;;
interactive-short-3;0;0;119323;true;;
interactive-short-3;1;0;119032;true;;
interactive-short-3;2;0;119277;true;;
interactive-short-3;3;0;120617;true;;
interactive-short-3;4;0;119567;true;;
interactive-short-4;0;1;12;false;11;1
interactive-short-4;1;1;2;false;1;1
interactive-short-4;2;1;1;false;0;1
interactive-short-4;3;1;54;false;53;6
interactive-short-4;4;1;10;false;10;2
interactive-short-5;0;1;5958;false;5958;570
interactive-short-5;1;1;1955;false;1954;276
interactive-short-5;2;1;189;false;188;24
interactive-short-5;3;1;403;false;402;22
interactive-short-5;4;1;1986;false;1985;253
interactive-short-6;0;1;123440;true;70;
interactive-short-6;1;1;125213;true;149;
interactive-short-6;2;0;118822;true;;
interactive-short-6;3;1;129761;true;283;
interactive-short-6;4;0;119042;true;;
interactive-short-7;0;0;122402;true;;
interactive-short-7;1;0;119319;true;;
interactive-short-7;2;0;119190;true;;
interactive-short-7;3;0;119090;true;;
interactive-short-7;4;0;118792;true;;
