name;id;results;time;error;timestamps;httpRequests
interactive-discover-1;0;0;119895;true;;
interactive-discover-1;1;0;118588;true;;
interactive-discover-1;2;0;118402;true;;
interactive-discover-1;3;0;119916;true;;
interactive-discover-1;4;0;118130;true;;
interactive-discover-2;0;0;120325;true;;
interactive-discover-2;1;0;119147;true;;
interactive-discover-2;2;0;118728;true;;
interactive-discover-2;3;0;118485;true;;
interactive-discover-2;4;0;118806;true;;
interactive-discover-3;0;0;0;true;;
interactive-discover-3;1;0;0;true;;
interactive-discover-3;2;0;0;true;;
interactive-discover-3;3;0;0;true;;
interactive-discover-3;4;0;0;true;;
interactive-discover-4;0;0;0;true;;
interactive-discover-4;1;0;0;true;;
interactive-discover-4;2;0;0;true;;
interactive-discover-4;3;0;0;true;;
interactive-discover-4;4;0;0;true;;
interactive-discover-5;0;10;118501;true;13817 13817 36331 37336 37616 38217 38483 39599 58911 109087;
interactive-discover-5;1;1;118235;true;11804;
interactive-discover-5;2;1;118893;true;7783;
interactive-discover-5;3;1;118817;true;49326;
interactive-discover-5;4;18;118839;true;10316 10939 13698 14822 16076 17569 25814 25814 29359 35379 51843 54392 55608 69891 73776 74418 75842 117417;
interactive-discover-6;0;0;118118;true;;
interactive-discover-6;1;0;118145;true;;
interactive-discover-6;2;0;118735;true;;
interactive-discover-6;3;0;122405;true;;
interactive-discover-6;4;0;120536;true;;
interactive-discover-7;0;0;118710;true;;
interactive-discover-7;1;0;118506;true;;
interactive-discover-7;2;0;119110;true;;
interactive-discover-7;3;0;118523;true;;
interactive-discover-7;4;0;118433;true;;
interactive-discover-8;0;10;46524;false;35527 35527 38744 38744 38744 40994 40994 40994 45111 45111;481
interactive-discover-8;1;10;30791;false;26491 26491 26491 26491 28610 28610 28610 28610 30734 30735;491
interactive-discover-8;2;10;35913;false;31133 31133 31133 31133 33147 33148 33148 33148 34035 34035;521
interactive-discover-8;3;10;79380;false;63533 63533 63533 65333 65334 65334 69140 69140 69140 74304;473
interactive-discover-8;4;10;50023;false;42203 42203 42203 42203 45109 45109 45109 45109 49175 49175;444
