name;id;results;time;error;timestamps;httpRequests
interactive-short-1;0;0;702;false;;38
interactive-short-1;1;0;534;false;;37
interactive-short-1;2;0;786;false;;33
interactive-short-1;3;0;508;false;;12
interactive-short-1;4;0;502;false;;32
interactive-short-2;0;0;119954;true;;
interactive-short-2;1;1;119341;true;236;
interactive-short-2;2;1;119188;true;888;
interactive-short-2;3;1;119364;true;1962;
interactive-short-2;4;0;119300;true;;
interactive-short-3;0;0;8975;false;;38
interactive-short-3;1;0;1017;false;;37
interactive-short-3;2;0;901;false;;33
interactive-short-3;3;0;3619;false;;12
interactive-short-3;4;0;6253;false;;32
interactive-short-4;0;1;2;false;2;1
interactive-short-4;1;1;1;false;0;1
interactive-short-4;2;1;5;false;4;1
interactive-short-4;3;1;111;false;110;6
interactive-short-4;4;1;10;false;10;2
interactive-short-5;0;0;1;false;;1
interactive-short-5;1;0;0;false;;1
interactive-short-5;2;0;69;false;;13
interactive-short-5;3;0;205;false;;18
interactive-short-5;4;0;0;false;;1
interactive-short-6;0;0;119975;true;;
interactive-short-6;1;0;119222;true;;
interactive-short-6;2;0;119022;true;;
interactive-short-6;3;0;119351;true;;
interactive-short-6;4;0;119128;true;;
interactive-short-7;0;0;15;false;;2
interactive-short-7;1;0;0;false;;1
interactive-short-7;2;0;0;false;;1
interactive-short-7;3;0;90;false;;2
interactive-short-7;4;0;0;false;;1
