name;id;results;time;error;timestamps;httpRequests
interactive-complex-1;0;0;0;true;;
interactive-complex-1;1;0;0;true;;
interactive-complex-1;2;0;0;true;;
interactive-complex-1;3;0;0;true;;
interactive-complex-1;4;0;0;true;;
interactive-complex-10;0;0;0;true;;
interactive-complex-10;1;0;0;true;;
interactive-complex-10;2;0;0;true;;
interactive-complex-10;3;0;0;true;;
interactive-complex-10;4;0;0;true;;
interactive-complex-11;0;0;118643;true;;
interactive-complex-11;1;0;118165;true;;
interactive-complex-11;2;0;118332;true;;
interactive-complex-11;3;0;117917;true;;
interactive-complex-11;4;0;121617;true;;
interactive-complex-12;0;0;0;true;;
interactive-complex-12;1;0;0;true;;
interactive-complex-12;2;0;0;true;;
interactive-complex-12;3;0;0;true;;
interactive-complex-12;4;0;0;true;;
interactive-complex-2;0;0;119332;true;;
interactive-complex-2;1;0;120315;true;;
interactive-complex-2;2;0;118503;true;;
interactive-complex-2;3;0;119925;true;;
interactive-complex-2;4;0;120134;true;;
interactive-complex-3;0;0;0;true;;
interactive-complex-3;1;0;0;true;;
interactive-complex-3;2;0;0;true;;
interactive-complex-3;3;0;0;true;;
interactive-complex-3;4;0;0;true;;
interactive-complex-4;0;0;0;true;;
interactive-complex-4;1;0;0;true;;
interactive-complex-4;2;0;0;true;;
interactive-complex-4;3;0;0;true;;
interactive-complex-4;4;0;0;true;;
interactive-complex-5;0;0;0;true;;
interactive-complex-5;1;0;0;true;;
interactive-complex-5;2;0;0;true;;
interactive-complex-5;3;0;0;true;;
interactive-complex-5;4;0;0;true;;
interactive-complex-6;0;0;0;true;;
interactive-complex-6;1;0;0;true;;
interactive-complex-6;2;0;0;true;;
interactive-complex-6;3;0;0;true;;
interactive-complex-6;4;0;0;true;;
interactive-complex-7;0;0;0;true;;
interactive-complex-7;1;0;0;true;;
interactive-complex-7;2;0;0;true;;
interactive-complex-7;3;0;0;true;;
interactive-complex-7;4;0;0;true;;
interactive-complex-8;0;0;119885;true;;
interactive-complex-8;1;0;118633;true;;
interactive-complex-8;2;0;120943;true;;
interactive-complex-8;3;0;120865;true;;
interactive-complex-8;4;0;121034;true;;
interactive-complex-9;0;0;118265;true;;
interactive-complex-9;1;0;119593;true;;
interactive-complex-9;2;0;122215;true;;
interactive-complex-9;3;0;119004;true;;
interactive-complex-9;4;0;119543;true;;
