name;id;results;time;error;timestamps;httpRequests
interactive-short-1;0;1;1169;false;1168;51
interactive-short-1;1;1;1189;false;1188;50
interactive-short-1;2;1;474;false;473;43
interactive-short-1;3;1;713;false;711;30
interactive-short-1;4;1;744;false;743;45
interactive-short-2;0;1;122351;true;39600;
interactive-short-2;1;1;125454;true;486;
interactive-short-2;2;1;120348;true;21505;
interactive-short-2;3;1;120105;true;44700;
interactive-short-2;4;1;120307;true;39751;
interactive-short-3;0;0;120215;true;;
interactive-short-3;1;0;120792;true;;
interactive-short-3;2;0;121311;true;;
interactive-short-3;3;0;120315;true;;
interactive-short-3;4;0;125873;true;;
interactive-short-4;0;1;4;false;3;1
interactive-short-4;1;1;3;false;3;1
interactive-short-4;2;1;2;false;1;1
interactive-short-4;3;1;145;false;145;6
interactive-short-4;4;1;13;false;10;2
interactive-short-5;0;1;6363;false;6358;585
interactive-short-5;1;1;2201;false;2200;295
interactive-short-5;2;1;387;false;386;39
interactive-short-5;3;1;637;false;636;40
interactive-short-5;4;1;2066;false;2065;267
interactive-short-6;0;1;127425;true;113;
interactive-short-6;1;1;123990;true;190;
interactive-short-6;2;0;119289;true;;
interactive-short-6;3;1;121458;true;281;
interactive-short-6;4;0;119586;true;;
interactive-short-7;0;0;119920;true;;
interactive-short-7;1;0;119936;true;;
interactive-short-7;2;0;119944;true;;
interactive-short-7;3;0;126620;true;;
interactive-short-7;4;0;119572;true;;
