name;id;results;time;error;timestamps;httpRequests
interactive-short-1;0;1;1604;false;1203;45
interactive-short-1;1;1;682;false;202;44
interactive-short-1;2;1;482;false;179;40
interactive-short-1;3;1;487;false;95;19
interactive-short-1;4;1;712;false;418;39
interactive-short-2;0;0;118991;true;;
interactive-short-2;1;0;118168;true;;
interactive-short-2;2;0;118021;true;;
interactive-short-2;3;0;119688;true;;
interactive-short-2;4;0;118412;true;;
interactive-short-3;0;0;122094;true;;
interactive-short-3;1;0;120188;true;;
interactive-short-3;2;0;124201;true;;
interactive-short-3;3;0;119766;true;;
interactive-short-3;4;0;119414;true;;
interactive-short-4;0;1;5;false;5;1
interactive-short-4;1;1;3;false;3;1
interactive-short-4;2;1;3;false;3;1
interactive-short-4;3;1;193;false;86;6
interactive-short-4;4;1;9;false;0;2
interactive-short-5;0;1;8677;false;8597;576
interactive-short-5;1;1;2263;false;2189;282
interactive-short-5;2;1;548;false;507;31
interactive-short-5;3;1;343;false;343;28
interactive-short-5;4;1;2618;false;2590;259
interactive-short-6;0;0;120031;true;;
interactive-short-6;1;0;119622;true;;
interactive-short-6;2;0;119235;true;;
interactive-short-6;3;0;118733;true;;
interactive-short-6;4;0;118611;true;;
interactive-short-7;0;0;122026;true;;
interactive-short-7;1;0;120386;true;;
interactive-short-7;2;0;119824;true;;
interactive-short-7;3;0;120324;true;;
interactive-short-7;4;0;120003;true;;
