name;id;results;time;error;timestamps;httpRequests
interactive-short-1;0;0;122501;true;;
interactive-short-1;1;0;124247;true;;
interactive-short-1;2;0;125902;true;;
interactive-short-1;3;0;122958;true;;
interactive-short-1;4;0;120839;true;;
interactive-short-2;0;0;122905;true;;
interactive-short-2;1;0;124571;true;;
interactive-short-2;2;0;124238;true;;
interactive-short-2;3;0;120919;true;;
interactive-short-2;4;0;127781;true;;
interactive-short-3;0;0;125707;true;;
interactive-short-3;1;0;133958;true;;
interactive-short-3;2;0;124781;true;;
interactive-short-3;3;0;125726;true;;
interactive-short-3;4;0;120627;true;;
interactive-short-4;0;0;75402;true;;
interactive-short-4;1;0;74460;true;;
interactive-short-4;2;0;98077;true;;
interactive-short-4;3;0;69260;true;;
interactive-short-4;4;0;82696;true;;
interactive-short-5;0;0;97132;true;;
interactive-short-5;1;0;91457;true;;
interactive-short-5;2;0;68019;true;;
interactive-short-5;3;0;64088;true;;
interactive-short-5;4;0;125856;true;;
interactive-short-6;0;1;122060;true;6114;
interactive-short-6;1;1;127286;true;16888;
interactive-short-6;2;0;104138;true;;
interactive-short-6;3;1;122567;true;3522;
interactive-short-6;4;0;99040;true;;
interactive-short-7;0;0;124100;true;;
interactive-short-7;1;0;122525;true;;
interactive-short-7;2;0;122582;true;;
interactive-short-7;3;0;124235;true;;
interactive-short-7;4;0;74964;true;;
