name;id;results;time;error;timestamps;httpRequests
interactive-discover-1;0;0;123502;true;;
interactive-discover-1;1;0;118998;true;;
interactive-discover-1;2;0;118689;true;;
interactive-discover-1;3;0;118910;true;;
interactive-discover-1;4;0;121722;true;;
interactive-discover-2;0;0;118811;true;;
interactive-discover-2;1;0;121297;true;;
interactive-discover-2;2;0;118531;true;;
interactive-discover-2;3;0;118587;true;;
interactive-discover-2;4;0;118843;true;;
interactive-discover-3;0;0;0;true;;
interactive-discover-3;1;0;0;true;;
interactive-discover-3;2;0;0;true;;
interactive-discover-3;3;0;0;true;;
interactive-discover-3;4;0;0;true;;
interactive-discover-4;0;0;0;true;;
interactive-discover-4;1;0;0;true;;
interactive-discover-4;2;0;0;true;;
interactive-discover-4;3;0;0;true;;
interactive-discover-4;4;0;0;true;;
interactive-discover-5;0;10;120392;true;13453 13453 36723 37981 37981 38854 39225 40510 46731 87044;
interactive-discover-5;1;1;118202;true;10501;
interactive-discover-5;2;1;118398;true;9646;
interactive-discover-5;3;1;118151;true;42951;
interactive-discover-5;4;19;119431;true;9707 10396 13806 15398 16009 16800 24737 25282 30185 36392 51124 53429 54196 68320 71439 72781 76074 97685 110987;
interactive-discover-6;0;0;117692;true;;
interactive-discover-6;1;0;118493;true;;
interactive-discover-6;2;0;123587;true;;
interactive-discover-6;3;0;118218;true;;
interactive-discover-6;4;0;119547;true;;
interactive-discover-7;0;0;119119;true;;
interactive-discover-7;1;0;118164;true;;
interactive-discover-7;2;0;119202;true;;
interactive-discover-7;3;0;122631;true;;
interactive-discover-7;4;0;118198;true;;
interactive-discover-8;0;10;39709;false;33175 33175 33175 33175 35889 35889 38689 38689 38689 38689;468
interactive-discover-8;1;10;28579;false;23687 23687 23687 23687 25166 25166 25166 25166 27669 27669;478
interactive-discover-8;2;10;34694;false;29430 29430 29430 29430 31212 31212 31212 34190 34190 34190;469
interactive-discover-8;3;10;61984;false;50209 52231 52231 52231 55001 55001 55001 58229 58229 61974;460
interactive-discover-8;4;10;56838;false;47926 47926 47926 47926 51728 51728 51728 51728 54634 54634;462
