name;id;results;time;error;timestamps;httpRequests
interactive-short-1;0;0;495;false;;44
interactive-short-1;1;0;214;false;;43
interactive-short-1;2;0;227;false;;39
interactive-short-1;3;0;319;false;;18
interactive-short-1;4;0;241;false;;38
interactive-short-2;0;10;3329;false;2765 2814 2851 2877 2906 2948 3215 3239 3306 3329;44
interactive-short-2;1;10;1778;false;1470 1496 1524 1561 1591 1639 1670 1703 1750 1778;43
interactive-short-2;2;10;1153;false;861 885 924 954 973 1024 1048 1097 1121 1152;39
interactive-short-2;3;10;1366;false;1169 1213 1232 1242 1263 1304 1324 1333 1355 1365;18
interactive-short-2;4;10;2595;false;2281 2315 2345 2398 2413 2447 2483 2509 2543 2595;38
interactive-short-3;0;0;24823;false;;44
interactive-short-3;1;0;3480;false;;43
interactive-short-3;2;0;1980;false;;39
interactive-short-3;3;0;6023;false;;18
interactive-short-3;4;0;22293;false;;38
interactive-short-4;0;1;0;false;0;1
interactive-short-4;1;1;0;false;0;1
interactive-short-4;2;1;0;false;0;1
interactive-short-4;3;1;35;false;0;6
interactive-short-4;4;1;7;false;0;2
interactive-short-5;0;0;1;false;;1
interactive-short-5;1;0;3;false;;1
interactive-short-5;2;0;57;false;;13
interactive-short-5;3;0;141;false;;18
interactive-short-5;4;0;2;false;;1
interactive-short-6;0;0;15;false;;2
interactive-short-6;1;0;45;false;;2
interactive-short-6;2;0;88;false;;1
interactive-short-6;3;0;75;false;;1
interactive-short-6;4;0;6;false;;1
interactive-short-7;0;0;5;false;;2
interactive-short-7;1;0;2;false;;1
interactive-short-7;2;0;0;false;;1
interactive-short-7;3;0;3;false;;2
interactive-short-7;4;0;0;false;;1
