name;id;results;time;error;timestamps;httpRequests
interactive-complex-1;0;0;0;false;;23
interactive-complex-1;1;0;0;false;;40
interactive-complex-1;2;0;0;false;;40
interactive-complex-1;3;0;0;true;;
interactive-complex-1;4;0;0;false;;18
interactive-complex-10;0;0;65;false;;23
interactive-complex-10;1;0;81;false;;40
interactive-complex-10;2;0;191;false;;40
interactive-complex-10;3;0;404;false;;61
interactive-complex-10;4;0;296;false;;18
interactive-complex-11;0;0;253;false;;23
interactive-complex-11;1;0;667;false;;40
interactive-complex-11;2;0;452;false;;40
interactive-complex-11;3;0;577;false;;61
interactive-complex-11;4;0;196;false;;18
interactive-complex-12;0;0;0;false;;72
interactive-complex-12;1;0;0;false;;67
interactive-complex-12;2;0;0;false;;10
interactive-complex-12;3;0;0;false;;35
interactive-complex-12;4;0;0;true;;
interactive-complex-2;0;0;67211;false;;72
interactive-complex-2;1;0;46890;false;;67
interactive-complex-2;2;0;3076;false;;10
interactive-complex-2;3;0;10735;false;;35
interactive-complex-2;4;0;119821;true;;
interactive-complex-3;0;0;0;false;;37
interactive-complex-3;1;0;0;false;;14
interactive-complex-3;2;0;0;false;;27
interactive-complex-3;3;0;0;false;;122
interactive-complex-3;4;0;0;false;;139
interactive-complex-4;0;0;0;false;;31
interactive-complex-4;1;0;0;false;;54
interactive-complex-4;2;0;0;false;;18
interactive-complex-4;3;0;0;false;;17
interactive-complex-4;4;0;0;false;;17
interactive-complex-5;0;0;0;false;;37
interactive-complex-5;1;0;0;false;;14
interactive-complex-5;2;0;0;false;;27
interactive-complex-5;3;0;0;false;;122
interactive-complex-5;4;0;0;false;;139
interactive-complex-6;0;0;0;false;;23
interactive-complex-6;1;0;0;false;;40
interactive-complex-6;2;0;0;false;;40
interactive-complex-6;3;0;1;false;;61
interactive-complex-6;4;0;1;false;;18
interactive-complex-7;0;0;0;true;;
interactive-complex-7;1;0;0;true;;
interactive-complex-7;2;0;0;true;;
interactive-complex-7;3;0;0;true;;
interactive-complex-7;4;0;0;true;;
interactive-complex-8;0;0;122271;true;;
interactive-complex-8;1;0;120176;true;;
interactive-complex-8;2;0;122566;true;;
interactive-complex-8;3;0;121440;true;;
interactive-complex-8;4;0;118011;true;;
interactive-complex-9;0;0;20031;false;;31
interactive-complex-9;1;0;120515;true;;
interactive-complex-9;2;0;16719;false;;23
interactive-complex-9;3;0;36063;false;;40
interactive-complex-9;4;0;122947;true;;
