name;id;results;time;error;timestamps;httpRequests
interactive-short-1;0;1;1395;false;1283;45
interactive-short-1;1;1;700;false;195;44
interactive-short-1;2;1;496;false;424;40
interactive-short-1;3;1;500;false;110;19
interactive-short-1;4;1;819;false;514;39
interactive-short-2;0;0;119521;true;;
interactive-short-2;1;0;118430;true;;
interactive-short-2;2;0;117643;true;;
interactive-short-2;3;0;118328;true;;
interactive-short-2;4;0;118732;true;;
interactive-short-3;0;0;118265;true;;
interactive-short-3;1;0;125328;true;;
interactive-short-3;2;0;120953;true;;
interactive-short-3;3;0;118923;true;;
interactive-short-3;4;0;126847;true;;
interactive-short-4;0;1;84;false;84;1
interactive-short-4;1;1;3;false;2;1
interactive-short-4;2;1;92;false;92;1
interactive-short-4;3;1;110;false;1;6
interactive-short-4;4;1;9;false;0;2
interactive-short-5;0;1;8929;false;8891;576
interactive-short-5;1;1;2011;false;1985;282
interactive-short-5;2;1;493;false;492;31
interactive-short-5;3;1;363;false;362;28
interactive-short-5;4;1;2499;false;2479;259
interactive-short-6;0;0;119974;true;;
interactive-short-6;1;0;118622;true;;
interactive-short-6;2;0;117814;true;;
interactive-short-6;3;0;118611;true;;
interactive-short-6;4;0;117525;true;;
interactive-short-7;0;0;118719;true;;
interactive-short-7;1;0;118917;true;;
interactive-short-7;2;0;118828;true;;
interactive-short-7;3;0;118623;true;;
interactive-short-7;4;0;118355;true;;
