name;id;results;time;error;timestamps;httpRequests
interactive-short-1;0;0;999;false;;52
interactive-short-1;1;0;852;false;;51
interactive-short-1;2;0;442;false;;44
interactive-short-1;3;0;500;false;;31
interactive-short-1;4;0;742;false;;46
interactive-short-2;0;0;119944;true;;
interactive-short-2;1;1;119193;true;329;
interactive-short-2;2;1;119145;true;185;
interactive-short-2;3;1;119060;true;1838;
interactive-short-2;4;0;119293;true;;
interactive-short-3;0;0;9487;false;;52
interactive-short-3;1;0;1292;false;;51
interactive-short-3;2;0;918;false;;44
interactive-short-3;3;0;3570;false;;31
interactive-short-3;4;0;6327;false;;46
interactive-short-4;0;1;2;false;1;1
interactive-short-4;1;1;1;false;0;1
interactive-short-4;2;1;4;false;4;1
interactive-short-4;3;1;83;false;83;6
interactive-short-4;4;1;8;false;8;2
interactive-short-5;0;0;1;false;;1
interactive-short-5;1;0;0;false;;1
interactive-short-5;2;0;85;false;;13
interactive-short-5;3;0;204;false;;18
interactive-short-5;4;0;0;false;;1
interactive-short-6;0;0;119968;true;;
interactive-short-6;1;0;119293;true;;
interactive-short-6;2;0;119019;true;;
interactive-short-6;3;0;119415;true;;
interactive-short-6;4;0;119119;true;;
interactive-short-7;0;0;12;false;;2
interactive-short-7;1;0;2;false;;1
interactive-short-7;2;0;0;false;;1
interactive-short-7;3;0;75;false;;2
interactive-short-7;4;0;0;false;;1
