name;id;results;time;error;timestamps;httpRequests
interactive-short-1;0;1;118717;true;1305;
interactive-short-1;1;1;118544;true;12294;
interactive-short-1;2;1;118708;true;16522;
interactive-short-1;3;1;118473;true;16076;
interactive-short-1;4;1;118680;true;13691;
interactive-short-2;0;0;120957;true;;
interactive-short-2;1;0;118575;true;;
interactive-short-2;2;0;118369;true;;
interactive-short-2;3;0;118420;true;;
interactive-short-2;4;0;118945;true;;
interactive-short-3;0;0;121592;true;;
interactive-short-3;1;0;118809;true;;
interactive-short-3;2;0;119440;true;;
interactive-short-3;3;0;132592;true;;
interactive-short-3;4;0;120802;true;;
interactive-short-4;0;1;118613;true;5;
interactive-short-4;1;1;118923;true;93;
interactive-short-4;2;1;118996;true;86;
interactive-short-4;3;1;118704;true;8;
interactive-short-4;4;1;118788;true;4;
interactive-short-5;0;0;118791;true;;
interactive-short-5;1;0;119603;true;;
interactive-short-5;2;0;118290;true;;
interactive-short-5;3;0;117897;true;;
interactive-short-5;4;0;118525;true;;
interactive-short-6;0;0;118700;true;;
interactive-short-6;1;0;118817;true;;
interactive-short-6;2;0;117724;true;;
interactive-short-6;3;0;118876;true;;
interactive-short-6;4;0;118558;true;;
interactive-short-7;0;0;118826;true;;
interactive-short-7;1;0;119310;true;;
interactive-short-7;2;0;119001;true;;
interactive-short-7;3;0;118649;true;;
interactive-short-7;4;0;117576;true;;
