name;id;results;time;error;timestamps;httpRequests
interactive-short-1;0;0;32;false;;1
interactive-short-1;1;0;13;false;;1
interactive-short-1;2;0;2;false;;1
interactive-short-1;3;0;1;false;;1
interactive-short-1;4;0;1;false;;1
interactive-short-2;0;0;0;false;;1
interactive-short-2;1;0;0;false;;1
interactive-short-2;2;0;0;false;;1
interactive-short-2;3;0;0;false;;1
interactive-short-2;4;0;0;false;;1
interactive-short-3;0;0;295;false;;1
interactive-short-3;1;0;374;false;;1
interactive-short-3;2;0;274;false;;1
interactive-short-3;3;0;971;false;;1
interactive-short-3;4;0;466;false;;1
interactive-short-4;0;1;5;false;1;1
interactive-short-4;1;1;2;false;1;1
interactive-short-4;2;1;0;false;0;1
interactive-short-4;3;1;37;false;0;6
interactive-short-4;4;1;12;false;0;2
interactive-short-5;0;0;5;false;;1
interactive-short-5;1;0;3;false;;1
interactive-short-5;2;0;65;false;;13
interactive-short-5;3;0;159;false;;18
interactive-short-5;4;0;1;false;;1
interactive-short-6;0;0;18;false;;2
interactive-short-6;1;0;23;false;;2
interactive-short-6;2;0;14;false;;1
interactive-short-6;3;0;7;false;;1
interactive-short-6;4;0;11;false;;1
interactive-short-7;0;0;3;false;;2
interactive-short-7;1;0;0;false;;1
interactive-short-7;2;0;0;false;;1
interactive-short-7;3;0;3;false;;2
interactive-short-7;4;0;3;false;;1
