name;id;results;time;error;timestamps;httpRequests
interactive-short-1;0;0;540;false;;50
interactive-short-1;1;0;814;false;;49
interactive-short-1;2;0;413;false;;42
interactive-short-1;3;0;371;false;;29
interactive-short-1;4;0;463;false;;44
interactive-short-2;0;10;4140;false;3793 3827 3875 3905 3951 3994 4033 4062 4105 4140;50
interactive-short-2;1;10;2828;false;2403 2455 2485 2565 2587 2663 2702 2752 2786 2828;49
interactive-short-2;2;10;1510;false;1194 1225 1257 1289 1315 1359 1400 1422 1487 1508;42
interactive-short-2;3;10;2566;false;2298 2316 2365 2394 2410 2437 2475 2496 2517 2566;29
interactive-short-2;4;10;3639;false;3053 3165 3376 3398 3452 3487 3516 3583 3607 3639;44
interactive-short-3;0;0;25417;false;;50
interactive-short-3;1;0;5381;false;;49
interactive-short-3;2;0;2274;false;;42
interactive-short-3;3;0;9138;false;;29
interactive-short-3;4;0;22696;false;;44
interactive-short-4;0;1;1;false;0;1
interactive-short-4;1;1;1;false;1;1
interactive-short-4;2;1;0;false;0;1
interactive-short-4;3;1;56;false;0;6
interactive-short-4;4;1;10;false;0;2
interactive-short-5;0;0;2;false;;1
interactive-short-5;1;0;3;false;;1
interactive-short-5;2;0;72;false;;13
interactive-short-5;3;0;293;false;;18
interactive-short-5;4;0;2;false;;1
interactive-short-6;0;0;79;false;;2
interactive-short-6;1;0;18;false;;2
interactive-short-6;2;0;189;false;;1
interactive-short-6;3;0;48;false;;1
interactive-short-6;4;0;36;false;;1
interactive-short-7;0;0;3;false;;2
interactive-short-7;1;0;0;false;;1
interactive-short-7;2;0;0;false;;1
interactive-short-7;3;0;7;false;;2
interactive-short-7;4;0;0;false;;1
