name;id;results;time;error;timestamps;httpRequests
interactive-short-1;0;1;59;false;58;2
interactive-short-1;1;1;30;false;30;2
interactive-short-1;2;1;27;false;26;2
interactive-short-1;3;1;92;false;92;2
interactive-short-1;4;1;19;false;19;2
interactive-short-2;0;0;119945;true;;
interactive-short-2;1;0;1;false;;1
interactive-short-2;2;0;119949;true;;
interactive-short-2;3;0;1;false;;1
interactive-short-2;4;0;119908;true;;
interactive-short-3;0;0;121000;true;;
interactive-short-3;1;0;120304;true;;
interactive-short-3;2;0;120230;true;;
interactive-short-3;3;0;120307;true;;
interactive-short-3;4;0;120467;true;;
interactive-short-4;0;1;5;false;5;1
interactive-short-4;1;1;2;false;2;1
interactive-short-4;2;1;2;false;1;1
interactive-short-4;3;1;101;false;101;6
interactive-short-4;4;1;12;false;12;2
interactive-short-5;0;1;88;false;88;2
interactive-short-5;1;1;266;false;265;2
interactive-short-5;2;1;176;false;171;14
interactive-short-5;3;1;289;false;289;19
interactive-short-5;4;1;163;false;162;2
interactive-short-6;0;1;119929;true;92;
interactive-short-6;1;1;119906;true;218;
interactive-short-6;2;0;119964;true;;
interactive-short-6;3;1;119950;true;347;
interactive-short-6;4;0;121092;true;;
interactive-short-7;0;0;40625;false;;1011
interactive-short-7;1;0;23782;false;;663
interactive-short-7;2;0;29055;false;;779
interactive-short-7;3;0;987;false;;34
interactive-short-7;4;0;10777;false;;410
