name;id;results;time;error;timestamps;httpRequests
interactive-complex-1;0;0;0;true;;
interactive-complex-1;1;0;0;true;;
interactive-complex-1;2;0;0;false;;17
interactive-complex-1;3;0;0;true;;
interactive-complex-1;4;0;0;true;;
interactive-complex-10;0;0;0;true;;
interactive-complex-10;1;0;0;true;;
interactive-complex-10;2;0;788;false;;93
interactive-complex-10;3;0;0;true;;
interactive-complex-10;4;0;0;true;;
interactive-complex-11;0;0;118026;true;;
interactive-complex-11;1;0;117959;true;;
interactive-complex-11;2;0;384;false;;17
interactive-complex-11;3;0;119308;true;;
interactive-complex-11;4;0;120222;true;;
interactive-complex-12;0;0;0;true;;
interactive-complex-12;1;0;0;true;;
interactive-complex-12;2;0;0;true;;
interactive-complex-12;3;0;0;true;;
interactive-complex-12;4;0;0;true;;
interactive-complex-2;0;0;119625;true;;
interactive-complex-2;1;0;117284;true;;
interactive-complex-2;2;0;119716;true;;
interactive-complex-2;3;0;118420;true;;
interactive-complex-2;4;0;120157;true;;
interactive-complex-3;0;0;0;true;;
interactive-complex-3;1;0;2;false;;89
interactive-complex-3;2;0;0;true;;
interactive-complex-3;3;0;0;true;;
interactive-complex-3;4;0;0;true;;
interactive-complex-4;0;0;0;true;;
interactive-complex-4;1;0;0;true;;
interactive-complex-4;2;0;0;false;;17
interactive-complex-4;3;0;0;false;;5
interactive-complex-4;4;0;0;false;;1
interactive-complex-5;0;0;0;true;;
interactive-complex-5;1;0;0;false;;1
interactive-complex-5;2;0;0;true;;
interactive-complex-5;3;0;0;true;;
interactive-complex-5;4;0;0;true;;
interactive-complex-6;0;0;0;true;;
interactive-complex-6;1;0;0;true;;
interactive-complex-6;2;0;0;false;;18
interactive-complex-6;3;0;0;true;;
interactive-complex-6;4;0;0;true;;
interactive-complex-7;0;0;0;true;;
interactive-complex-7;1;0;0;true;;
interactive-complex-7;2;0;0;true;;
interactive-complex-7;3;0;0;true;;
interactive-complex-7;4;0;0;true;;
interactive-complex-8;0;0;126911;true;;
interactive-complex-8;1;0;122426;true;;
interactive-complex-8;2;0;123863;true;;
interactive-complex-8;3;0;118169;true;;
interactive-complex-8;4;0;125340;true;;
interactive-complex-9;0;0;56853;false;;95
interactive-complex-9;1;0;124932;true;;
interactive-complex-9;2;0;120125;true;;
interactive-complex-9;3;0;120708;true;;
interactive-complex-9;4;0;119534;true;;
