name;id;results;time;error;timestamps;httpRequests
interactive-complex-1;0;0;53;false;;11
interactive-complex-1;1;0;0;false;;24
interactive-complex-1;2;0;0;false;;13
interactive-complex-1;3;0;0;true;;
interactive-complex-1;4;0;0;false;;12
interactive-complex-10;0;0;61;false;;11
interactive-complex-10;1;0;33;false;;24
interactive-complex-10;2;0;119669;true;;
interactive-complex-10;3;0;347;false;;46
interactive-complex-10;4;0;90;false;;12
interactive-complex-11;0;0;100;false;;11
interactive-complex-11;1;0;147;false;;24
interactive-complex-11;2;0;83;false;;13
interactive-complex-11;3;0;501;false;;46
interactive-complex-11;4;0;81;false;;12
interactive-complex-12;0;0;0;false;;50
interactive-complex-12;1;0;0;false;;57
interactive-complex-12;2;0;0;false;;1
interactive-complex-12;3;0;0;false;;14
interactive-complex-12;4;0;0;true;;
interactive-complex-2;0;0;38831;false;;50
interactive-complex-2;1;0;34722;false;;57
interactive-complex-2;2;0;10;false;;1
interactive-complex-2;3;0;2825;false;;14
interactive-complex-2;4;0;87998;false;;43
interactive-complex-3;0;0;0;false;;24
interactive-complex-3;1;0;0;false;;1
interactive-complex-3;2;0;0;false;;12
interactive-complex-3;3;0;3;false;;106
interactive-complex-3;4;0;0;false;;128
interactive-complex-4;0;0;0;false;;14
interactive-complex-4;1;0;31;false;;41
interactive-complex-4;2;0;0;false;;8
interactive-complex-4;3;0;0;false;;5
interactive-complex-4;4;0;0;false;;1
interactive-complex-5;0;0;0;false;;24
interactive-complex-5;1;0;0;false;;1
interactive-complex-5;2;0;0;false;;12
interactive-complex-5;3;0;0;false;;106
interactive-complex-5;4;0;0;false;;128
interactive-complex-6;0;0;0;false;;11
interactive-complex-6;1;0;0;false;;24
interactive-complex-6;2;0;0;false;;13
interactive-complex-6;3;0;0;false;;46
interactive-complex-6;4;0;0;false;;12
interactive-complex-7;0;0;0;true;;
interactive-complex-7;1;0;0;true;;
interactive-complex-7;2;0;0;true;;
interactive-complex-7;3;0;0;true;;
interactive-complex-7;4;0;0;true;;
interactive-complex-8;0;0;123456;true;;
interactive-complex-8;1;0;118303;true;;
interactive-complex-8;2;0;127842;true;;
interactive-complex-8;3;0;119656;true;;
interactive-complex-8;4;0;120044;true;;
interactive-complex-9;0;0;4107;false;;11
interactive-complex-9;1;0;119934;true;;
interactive-complex-9;2;0;6871;false;;11
interactive-complex-9;3;0;18682;false;;24
interactive-complex-9;4;0;124173;true;;
