name;id;results;time;error;timestamps;httpRequests
interactive-complex-1;0;0;0;true;;
interactive-complex-1;1;0;0;true;;
interactive-complex-1;2;0;0;true;;
interactive-complex-1;3;0;0;true;;
interactive-complex-1;4;0;0;true;;
interactive-complex-10;0;0;0;true;;
interactive-complex-10;1;0;0;true;;
interactive-complex-10;2;0;0;true;;
interactive-complex-10;3;0;0;true;;
interactive-complex-10;4;0;0;true;;
interactive-complex-11;0;0;116727;true;;
interactive-complex-11;1;0;120217;true;;
interactive-complex-11;2;0;118338;true;;
interactive-complex-11;3;0;122275;true;;
interactive-complex-11;4;0;117378;true;;
interactive-complex-12;0;0;0;true;;
interactive-complex-12;1;0;0;true;;
interactive-complex-12;2;0;0;true;;
interactive-complex-12;3;0;0;true;;
interactive-complex-12;4;0;0;true;;
interactive-complex-2;0;0;118933;true;;
interactive-complex-2;1;0;120327;true;;
interactive-complex-2;2;0;122338;true;;
interactive-complex-2;3;0;121357;true;;
interactive-complex-2;4;0;118941;true;;
interactive-complex-3;0;0;0;true;;
interactive-complex-3;1;0;0;true;;
interactive-complex-3;2;0;0;true;;
interactive-complex-3;3;0;0;true;;
interactive-complex-3;4;0;0;true;;
interactive-complex-4;0;0;0;true;;
interactive-complex-4;1;0;0;true;;
interactive-complex-4;2;0;0;true;;
interactive-complex-4;3;0;0;true;;
interactive-complex-4;4;0;0;true;;
interactive-complex-5;0;0;0;true;;
interactive-complex-5;1;0;0;true;;
interactive-complex-5;2;0;0;true;;
interactive-complex-5;3;0;0;true;;
interactive-complex-5;4;0;0;true;;
interactive-complex-6;0;0;0;true;;
interactive-complex-6;1;0;0;true;;
interactive-complex-6;2;0;0;true;;
interactive-complex-6;3;0;0;true;;
interactive-complex-6;4;0;0;true;;
interactive-complex-7;0;0;0;true;;
interactive-complex-7;1;0;0;true;;
interactive-complex-7;2;0;0;true;;
interactive-complex-7;3;0;0;true;;
interactive-complex-7;4;0;0;true;;
interactive-complex-8;0;0;117865;true;;
interactive-complex-8;1;0;124349;true;;
interactive-complex-8;2;0;120342;true;;
interactive-complex-8;3;0;130118;true;;
interactive-complex-8;4;0;123663;true;;
interactive-complex-9;0;0;118074;true;;
interactive-complex-9;1;0;118979;true;;
interactive-complex-9;2;0;118716;true;;
interactive-complex-9;3;0;118584;true;;
interactive-complex-9;4;0;118201;true;;
