name;id;results;time;error;timestamps;httpRequests
interactive-complex-1;0;0;0;true;;
interactive-complex-1;1;0;0;true;;
interactive-complex-1;2;0;0;true;;
interactive-complex-1;3;0;0;true;;
interactive-complex-1;4;0;0;true;;
interactive-complex-10;0;0;0;true;;
interactive-complex-10;1;0;0;true;;
interactive-complex-10;2;0;0;true;;
interactive-complex-10;3;0;0;true;;
interactive-complex-10;4;0;0;true;;
interactive-complex-11;0;0;117386;true;;
interactive-complex-11;1;0;117047;true;;
interactive-complex-11;2;0;117993;true;;
interactive-complex-11;3;0;117707;true;;
interactive-complex-11;4;0;118392;true;;
interactive-complex-12;0;0;0;true;;
interactive-complex-12;1;0;0;true;;
interactive-complex-12;2;0;0;true;;
interactive-complex-12;3;0;0;true;;
interactive-complex-12;4;0;0;true;;
interactive-complex-2;0;0;121795;true;;
interactive-complex-2;1;0;119779;true;;
interactive-complex-2;2;0;120978;true;;
interactive-complex-2;3;0;118926;true;;
interactive-complex-2;4;0;118956;true;;
interactive-complex-3;0;0;0;true;;
interactive-complex-3;1;0;0;true;;
interactive-complex-3;2;0;0;true;;
interactive-complex-3;3;0;0;true;;
interactive-complex-3;4;0;0;true;;
interactive-complex-4;0;0;0;true;;
interactive-complex-4;1;0;0;true;;
interactive-complex-4;2;0;0;true;;
interactive-complex-4;3;0;0;true;;
interactive-complex-4;4;0;0;true;;
interactive-complex-5;0;0;0;true;;
interactive-complex-5;1;0;0;true;;
interactive-complex-5;2;0;0;true;;
interactive-complex-5;3;0;0;true;;
interactive-complex-5;4;0;0;true;;
interactive-complex-6;0;0;0;true;;
interactive-complex-6;1;0;0;true;;
interactive-complex-6;2;0;0;true;;
interactive-complex-6;3;0;0;true;;
interactive-complex-6;4;0;0;true;;
interactive-complex-7;0;0;0;true;;
interactive-complex-7;1;0;0;true;;
interactive-complex-7;2;0;0;true;;
interactive-complex-7;3;0;0;true;;
interactive-complex-7;4;0;0;true;;
interactive-complex-8;0;0;117931;true;;
interactive-complex-8;1;0;124465;true;;
interactive-complex-8;2;0;121834;true;;
interactive-complex-8;3;0;130833;true;;
interactive-complex-8;4;0;120212;true;;
interactive-complex-9;0;0;118336;true;;
interactive-complex-9;1;0;120977;true;;
interactive-complex-9;2;0;120635;true;;
interactive-complex-9;3;0;118816;true;;
interactive-complex-9;4;0;120391;true;;
