name;id;results;time;error;timestamps;httpRequests
interactive-short-1;0;1;118123;true;4912;
interactive-short-1;1;1;118707;true;1099;
interactive-short-1;2;1;118298;true;3085;
interactive-short-1;3;1;118223;true;9592;
interactive-short-1;4;1;118426;true;1212;
interactive-short-2;0;0;118426;true;;
interactive-short-2;1;0;118501;true;;
interactive-short-2;2;0;118110;true;;
interactive-short-2;3;0;118415;true;;
interactive-short-2;4;0;118483;true;;
interactive-short-3;0;0;120323;true;;
interactive-short-3;1;0;141001;true;;
interactive-short-3;2;0;119589;true;;
interactive-short-3;3;0;124491;true;;
interactive-short-3;4;0;119593;true;;
interactive-short-4;0;1;119003;true;3;
interactive-short-4;1;1;118822;true;74;
interactive-short-4;2;1;119034;true;6;
interactive-short-4;3;1;121307;true;74;
interactive-short-4;4;1;119181;true;8;
interactive-short-5;0;0;118634;true;;
interactive-short-5;1;0;119013;true;;
interactive-short-5;2;0;118430;true;;
interactive-short-5;3;0;118500;true;;
interactive-short-5;4;0;118947;true;;
interactive-short-6;0;0;118927;true;;
interactive-short-6;1;0;118840;true;;
interactive-short-6;2;0;118020;true;;
interactive-short-6;3;0;118765;true;;
interactive-short-6;4;0;118749;true;;
interactive-short-7;0;0;119209;true;;
interactive-short-7;1;0;122109;true;;
interactive-short-7;2;0;118824;true;;
interactive-short-7;3;0;118749;true;;
interactive-short-7;4;0;117698;true;;
