name;id;results;time;error;timestamps;httpRequests
interactive-short-1;0;1;1215;false;1214;53
interactive-short-1;1;1;878;false;877;52
interactive-short-1;2;1;492;false;491;45
interactive-short-1;3;1;664;false;663;32
interactive-short-1;4;1;815;false;814;47
interactive-short-2;0;0;127148;true;;
interactive-short-2;1;1;137084;true;24496;
interactive-short-2;2;1;121363;true;187;
interactive-short-2;3;1;122203;true;48648;
interactive-short-2;4;1;126324;true;38479;
interactive-short-3;0;0;120420;true;;
interactive-short-3;1;0;120214;true;;
interactive-short-3;2;0;119672;true;;
interactive-short-3;3;0;119327;true;;
interactive-short-3;4;0;120580;true;;
interactive-short-4;0;1;10;false;6;1
interactive-short-4;1;1;67;false;65;1
interactive-short-4;2;1;1;false;1;1
interactive-short-4;3;1;62;false;62;6
interactive-short-4;4;1;14;false;14;2
interactive-short-5;0;1;6055;false;6054;587
interactive-short-5;1;1;2073;false;2070;297
interactive-short-5;2;1;454;false;453;41
interactive-short-5;3;1;735;false;734;42
interactive-short-5;4;1;1917;false;1916;269
interactive-short-6;0;1;123659;true;87;
interactive-short-6;1;1;119352;true;193;
interactive-short-6;2;0;119758;true;;
interactive-short-6;3;1;122911;true;296;
interactive-short-6;4;0;120540;true;;
interactive-short-7;0;0;119328;true;;
interactive-short-7;1;0;119155;true;;
interactive-short-7;2;0;119126;true;;
interactive-short-7;3;0;119043;true;;
interactive-short-7;4;0;118800;true;;
