name;id;results;time;error;timestamps;httpRequests
interactive-short-1;0;1;118319;true;1383;
interactive-short-1;1;1;118592;true;396;
interactive-short-1;2;1;118625;true;10933;
interactive-short-1;3;1;118532;true;11845;
interactive-short-1;4;1;118309;true;11224;
interactive-short-2;0;0;118180;true;;
interactive-short-2;1;0;118816;true;;
interactive-short-2;2;0;118311;true;;
interactive-short-2;3;0;118636;true;;
interactive-short-2;4;0;118363;true;;
interactive-short-3;0;0;119279;true;;
interactive-short-3;1;0;135874;true;;
interactive-short-3;2;0;118141;true;;
interactive-short-3;3;0;120527;true;;
interactive-short-3;4;0;131198;true;;
interactive-short-4;0;1;118889;true;4;
interactive-short-4;1;1;119259;true;4;
interactive-short-4;2;1;118820;true;1;
interactive-short-4;3;1;119012;true;0;
interactive-short-4;4;1;119070;true;12;
interactive-short-5;0;0;120092;true;;
interactive-short-5;1;0;118435;true;;
interactive-short-5;2;0;118436;true;;
interactive-short-5;3;0;119092;true;;
interactive-short-5;4;0;118726;true;;
interactive-short-6;0;0;119091;true;;
interactive-short-6;1;0;118923;true;;
interactive-short-6;2;0;117557;true;;
interactive-short-6;3;0;118998;true;;
interactive-short-6;4;0;118206;true;;
interactive-short-7;0;0;119382;true;;
interactive-short-7;1;0;119023;true;;
interactive-short-7;2;0;118840;true;;
interactive-short-7;3;0;119141;true;;
interactive-short-7;4;0;117277;true;;
