name;id;results;time;error;timestamps;httpRequests
interactive-complex-1;0;0;0;true;;
interactive-complex-1;1;0;0;true;;
interactive-complex-1;2;0;0;false;;44
interactive-complex-1;3;0;0;true;;
interactive-complex-1;4;0;0;true;;
interactive-complex-10;0;0;0;true;;
interactive-complex-10;1;0;0;true;;
interactive-complex-10;2;0;687;false;;120
interactive-complex-10;3;0;0;true;;
interactive-complex-10;4;0;0;true;;
interactive-complex-11;0;0;118292;true;;
interactive-complex-11;1;0;117627;true;;
interactive-complex-11;2;0;873;false;;44
interactive-complex-11;3;0;119220;true;;
interactive-complex-11;4;0;118676;true;;
interactive-complex-12;0;0;0;true;;
interactive-complex-12;1;0;0;true;;
interactive-complex-12;2;0;0;true;;
interactive-complex-12;3;0;0;true;;
interactive-complex-12;4;0;0;true;;
interactive-complex-2;0;0;118356;true;;
interactive-complex-2;1;0;118686;true;;
interactive-complex-2;2;0;118109;true;;
interactive-complex-2;3;0;118609;true;;
interactive-complex-2;4;0;117724;true;;
interactive-complex-3;0;0;0;true;;
interactive-complex-3;1;0;3;false;;105
interactive-complex-3;2;0;0;true;;
interactive-complex-3;3;0;0;true;;
interactive-complex-3;4;0;0;true;;
interactive-complex-4;0;0;0;true;;
interactive-complex-4;1;0;0;true;;
interactive-complex-4;2;0;0;false;;27
interactive-complex-4;3;0;0;false;;17
interactive-complex-4;4;0;0;false;;17
interactive-complex-5;0;0;0;true;;
interactive-complex-5;1;0;0;false;;14
interactive-complex-5;2;0;0;true;;
interactive-complex-5;3;0;0;true;;
interactive-complex-5;4;0;0;true;;
interactive-complex-6;0;0;0;true;;
interactive-complex-6;1;0;0;true;;
interactive-complex-6;2;0;0;false;;45
interactive-complex-6;3;0;0;true;;
interactive-complex-6;4;0;0;true;;
interactive-complex-7;0;0;0;true;;
interactive-complex-7;1;0;0;true;;
interactive-complex-7;2;0;0;true;;
interactive-complex-7;3;0;0;true;;
interactive-complex-7;4;0;0;true;;
interactive-complex-8;0;0;133547;true;;
interactive-complex-8;1;0;125087;true;;
interactive-complex-8;2;0;118320;true;;
interactive-complex-8;3;0;120074;true;;
interactive-complex-8;4;0;125160;true;;
interactive-complex-9;0;0;118806;true;;
interactive-complex-9;1;0;119591;true;;
interactive-complex-9;2;0;120216;true;;
interactive-complex-9;3;0;119606;true;;
interactive-complex-9;4;0;118718;true;;
