name;id;results;time;error;timestamps;httpRequests
interactive-complex-1;0;0;0;true;;
interactive-complex-1;1;0;0;true;;
interactive-complex-1;2;0;0;false;;41
interactive-complex-1;3;0;0;true;;
interactive-complex-1;4;0;0;true;;
interactive-complex-10;0;0;0;true;;
interactive-complex-10;1;0;0;true;;
interactive-complex-10;2;0;1119;false;;117
interactive-complex-10;3;0;0;true;;
interactive-complex-10;4;0;0;true;;
interactive-complex-11;0;0;119486;true;;
interactive-complex-11;1;0;119193;true;;
interactive-complex-11;2;0;991;false;;41
interactive-complex-11;3;0;119689;true;;
interactive-complex-11;4;0;120909;true;;
interactive-complex-12;0;0;0;true;;
interactive-complex-12;1;0;0;true;;
interactive-complex-12;2;0;0;true;;
interactive-complex-12;3;0;0;true;;
interactive-complex-12;4;0;0;true;;
interactive-complex-2;0;0;120213;true;;
interactive-complex-2;1;0;120395;true;;
interactive-complex-2;2;0;118429;true;;
interactive-complex-2;3;0;123926;true;;
interactive-complex-2;4;0;119760;true;;
interactive-complex-3;0;0;0;true;;
interactive-complex-3;1;0;2;false;;98
interactive-complex-3;2;0;0;true;;
interactive-complex-3;3;0;0;true;;
interactive-complex-3;4;0;0;true;;
interactive-complex-4;0;0;0;true;;
interactive-complex-4;1;0;0;true;;
interactive-complex-4;2;0;0;false;;22
interactive-complex-4;3;0;0;false;;15
interactive-complex-4;4;0;0;false;;17
interactive-complex-5;0;0;0;true;;
interactive-complex-5;1;0;0;false;;14
interactive-complex-5;2;0;0;true;;
interactive-complex-5;3;0;0;true;;
interactive-complex-5;4;0;0;true;;
interactive-complex-6;0;0;0;true;;
interactive-complex-6;1;0;0;true;;
interactive-complex-6;2;0;0;false;;42
interactive-complex-6;3;0;0;true;;
interactive-complex-6;4;0;0;true;;
interactive-complex-7;0;0;0;true;;
interactive-complex-7;1;0;0;true;;
interactive-complex-7;2;0;0;true;;
interactive-complex-7;3;0;0;true;;
interactive-complex-7;4;0;0;true;;
interactive-complex-8;0;0;135727;true;;
interactive-complex-8;1;0;128284;true;;
interactive-complex-8;2;0;132984;true;;
interactive-complex-8;3;0;133409;true;;
interactive-complex-8;4;0;121417;true;;
interactive-complex-9;0;0;119284;true;;
interactive-complex-9;1;0;119356;true;;
interactive-complex-9;2;0;120596;true;;
interactive-complex-9;3;0;120847;true;;
interactive-complex-9;4;0;118622;true;;
