name;id;results;time;error;timestamps;httpRequests
interactive-short-1;0;0;873;false;;58
interactive-short-1;1;0;638;false;;57
interactive-short-1;2;0;503;false;;50
interactive-short-1;3;0;388;false;;37
interactive-short-1;4;0;512;false;;52
interactive-short-2;0;10;4278;false;3852 3893 3967 4017 4063 4092 4166 4219 4252 4278;58
interactive-short-2;1;10;2716;false;2289 2326 2358 2410 2446 2499 2535 2592 2680 2715;57
interactive-short-2;2;10;1568;false;1224 1268 1302 1335 1380 1421 1453 1484 1534 1567;50
interactive-short-2;3;10;2251;false;2006 2032 2048 2069 2129 2141 2172 2212 2232 2248;37
interactive-short-2;4;10;3445;false;3088 3112 3175 3199 3241 3283 3332 3369 3385 3445;52
interactive-short-3;0;0;32493;false;;58
interactive-short-3;1;0;4882;false;;57
interactive-short-3;2;0;2656;false;;50
interactive-short-3;3;0;10098;false;;37
interactive-short-3;4;0;29470;false;;52
interactive-short-4;0;1;3;false;3;1
interactive-short-4;1;1;0;false;0;1
interactive-short-4;2;1;2;false;2;1
interactive-short-4;3;1;50;false;0;6
interactive-short-4;4;1;15;false;1;2
interactive-short-5;0;0;0;false;;1
interactive-short-5;1;0;3;false;;1
interactive-short-5;2;0;71;false;;13
interactive-short-5;3;0;299;false;;18
interactive-short-5;4;0;3;false;;1
interactive-short-6;0;0;25;false;;2
interactive-short-6;1;0;56;false;;2
interactive-short-6;2;0;118;false;;1
interactive-short-6;3;0;7;false;;1
interactive-short-6;4;0;12;false;;1
interactive-short-7;0;0;4;false;;2
interactive-short-7;1;0;0;false;;1
interactive-short-7;2;0;5;false;;1
interactive-short-7;3;0;8;false;;2
interactive-short-7;4;0;0;false;;1
