name;id;results;time;error;timestamps;httpRequests
interactive-short-1;0;0;127192;true;;
interactive-short-1;1;0;133446;true;;
interactive-short-1;2;0;127485;true;;
interactive-short-1;3;0;121487;true;;
interactive-short-1;4;0;123523;true;;
interactive-short-2;0;0;123132;true;;
interactive-short-2;1;0;128758;true;;
interactive-short-2;2;0;128122;true;;
interactive-short-2;3;0;125897;true;;
interactive-short-2;4;0;122377;true;;
interactive-short-3;0;0;123876;true;;
interactive-short-3;1;0;124456;true;;
interactive-short-3;2;0;128586;true;;
interactive-short-3;3;0;124839;true;;
interactive-short-3;4;0;130733;true;;
interactive-short-4;0;0;158189;true;;
interactive-short-4;1;0;121289;true;;
interactive-short-4;2;0;125090;true;;
interactive-short-4;3;0;121606;true;;
interactive-short-4;4;0;122217;true;;
interactive-short-5;0;0;127347;true;;
interactive-short-5;1;0;130194;true;;
interactive-short-5;2;0;133182;true;;
interactive-short-5;3;0;128841;true;;
interactive-short-5;4;0;126017;true;;
interactive-short-6;0;1;129366;true;483;
interactive-short-6;1;1;135182;true;455;
interactive-short-6;2;0;129427;true;;
interactive-short-6;3;1;122623;true;1212;
interactive-short-6;4;0;134883;true;;
interactive-short-7;0;0;126587;true;;
interactive-short-7;1;0;123220;true;;
interactive-short-7;2;0;124665;true;;
interactive-short-7;3;0;128315;true;;
interactive-short-7;4;0;122113;true;;
