name;id;results;time;error;timestamps;httpRequests
interactive-short-1;0;1;118524;true;11814;
interactive-short-1;1;1;118922;true;6798;
interactive-short-1;2;1;118815;true;15660;
interactive-short-1;3;1;118719;true;15394;
interactive-short-1;4;1;118533;true;14124;
interactive-short-2;0;0;119264;true;;
interactive-short-2;1;0;118246;true;;
interactive-short-2;2;0;118829;true;;
interactive-short-2;3;0;118624;true;;
interactive-short-2;4;0;119491;true;;
interactive-short-3;0;0;124384;true;;
interactive-short-3;1;0;118532;true;;
interactive-short-3;2;0;120790;true;;
interactive-short-3;3;0;126644;true;;
interactive-short-3;4;0;121309;true;;
interactive-short-4;0;1;118649;true;14;
interactive-short-4;1;1;118710;true;173;
interactive-short-4;2;1;118888;true;4;
interactive-short-4;3;1;118610;true;5;
interactive-short-4;4;1;118858;true;11;
interactive-short-5;0;0;118938;true;;
interactive-short-5;1;0;118658;true;;
interactive-short-5;2;0;118597;true;;
interactive-short-5;3;0;118214;true;;
interactive-short-5;4;0;118911;true;;
interactive-short-6;0;0;118789;true;;
interactive-short-6;1;0;118806;true;;
interactive-short-6;2;0;118391;true;;
interactive-short-6;3;0;119158;true;;
interactive-short-6;4;0;118519;true;;
interactive-short-7;0;0;118897;true;;
interactive-short-7;1;0;118734;true;;
interactive-short-7;2;0;118749;true;;
interactive-short-7;3;0;118620;true;;
interactive-short-7;4;0;117982;true;;
