name;id;results;time;error;timestamps;httpRequests
interactive-short-1;0;1;118335;true;914;
interactive-short-1;1;1;118234;true;3203;
interactive-short-1;2;1;118238;true;13100;
interactive-short-1;3;1;118411;true;11042;
interactive-short-1;4;1;118126;true;9904;
interactive-short-2;0;0;119122;true;;
interactive-short-2;1;0;119853;true;;
interactive-short-2;2;0;119408;true;;
interactive-short-2;3;0;118568;true;;
interactive-short-2;4;0;118695;true;;
interactive-short-3;0;0;124180;true;;
interactive-short-3;1;0;121200;true;;
interactive-short-3;2;0;121418;true;;
interactive-short-3;3;0;122107;true;;
interactive-short-3;4;0;118557;true;;
interactive-short-4;0;1;119010;true;67;
interactive-short-4;1;1;119008;true;0;
interactive-short-4;2;1;119214;true;1;
interactive-short-4;3;1;119022;true;1;
interactive-short-4;4;1;118819;true;1;
interactive-short-5;0;0;119159;true;;
interactive-short-5;1;0;119399;true;;
interactive-short-5;2;0;118826;true;;
interactive-short-5;3;0;118425;true;;
interactive-short-5;4;0;118858;true;;
interactive-short-6;0;0;118906;true;;
interactive-short-6;1;0;118705;true;;
interactive-short-6;2;0;118291;true;;
interactive-short-6;3;0;119401;true;;
interactive-short-6;4;0;118425;true;;
interactive-short-7;0;0;119123;true;;
interactive-short-7;1;0;119804;true;;
interactive-short-7;2;0;118824;true;;
interactive-short-7;3;0;118925;true;;
interactive-short-7;4;0;117250;true;;
