name;id;results;time;error;timestamps;httpRequests
interactive-short-1;0;0;134463;true;;
interactive-short-1;1;0;123662;true;;
interactive-short-1;2;0;128642;true;;
interactive-short-1;3;0;123915;true;;
interactive-short-1;4;0;124604;true;;
interactive-short-2;0;0;123262;true;;
interactive-short-2;1;0;121957;true;;
interactive-short-2;2;0;131670;true;;
interactive-short-2;3;0;125060;true;;
interactive-short-2;4;0;130898;true;;
interactive-short-3;0;0;125686;true;;
interactive-short-3;1;0;132974;true;;
interactive-short-3;2;0;128540;true;;
interactive-short-3;3;0;125468;true;;
interactive-short-3;4;0;154917;true;;
interactive-short-4;0;0;124991;true;;
interactive-short-4;1;0;125377;true;;
interactive-short-4;2;0;124257;true;;
interactive-short-4;3;0;126233;true;;
interactive-short-4;4;0;128199;true;;
interactive-short-5;0;0;123294;true;;
interactive-short-5;1;0;115285;true;;
interactive-short-5;2;0;127197;true;;
interactive-short-5;3;0;123220;true;;
interactive-short-5;4;0;121174;true;;
interactive-short-6;0;1;126056;true;3248;
interactive-short-6;1;1;130876;true;607;
interactive-short-6;2;0;121268;true;;
interactive-short-6;3;1;122398;true;787;
interactive-short-6;4;0;127011;true;;
interactive-short-7;0;0;123050;true;;
interactive-short-7;1;0;128753;true;;
interactive-short-7;2;0;129792;true;;
interactive-short-7;3;0;128032;true;;
interactive-short-7;4;0;125609;true;;
