name;id;results;time;error;timestamps;httpRequests
interactive-short-1;0;1;10;false;10;2
interactive-short-1;1;1;65;false;64;2
interactive-short-1;2;1;6;false;6;2
interactive-short-1;3;1;11;false;11;2
interactive-short-1;4;1;15;false;15;2
interactive-short-2;0;0;0;false;;1
interactive-short-2;1;0;48;false;;1
interactive-short-2;2;0;0;false;;1
interactive-short-2;3;0;0;false;;1
interactive-short-2;4;0;0;false;;1
interactive-short-3;0;0;131278;true;;
interactive-short-3;1;0;123723;true;;
interactive-short-3;2;0;125215;true;;
interactive-short-3;3;0;125855;true;;
interactive-short-3;4;0;122814;true;;
interactive-short-4;0;1;2;false;1;1
interactive-short-4;1;1;2;false;2;1
interactive-short-4;2;1;2;false;1;1
interactive-short-4;3;1;193;false;1;6
interactive-short-4;4;1;103;false;2;2
interactive-short-5;0;1;197;false;196;2
interactive-short-5;1;1;482;false;481;2
interactive-short-5;2;1;306;false;306;14
interactive-short-5;3;1;689;false;688;19
interactive-short-5;4;1;184;false;184;2
interactive-short-6;0;1;201;false;201;3
interactive-short-6;1;1;106;false;106;3
interactive-short-6;2;0;119328;true;;
interactive-short-6;3;1;796;false;795;14
interactive-short-6;4;0;119490;true;;
interactive-short-7;0;0;35643;false;;1011
interactive-short-7;1;0;17792;false;;663
interactive-short-7;2;0;22977;false;;779
interactive-short-7;3;0;795;false;;34
interactive-short-7;4;0;11696;false;;410
