name;id;results;time;error;timestamps;httpRequests
interactive-discover-1;0;0;0;false;;1
interactive-discover-1;1;0;0;false;;1
interactive-discover-1;2;0;0;false;;1
interactive-discover-1;3;0;1;false;;1
interactive-discover-1;4;0;0;false;;1
interactive-discover-2;0;0;0;false;;1
interactive-discover-2;1;0;0;false;;1
interactive-discover-2;2;0;0;false;;1
interactive-discover-2;3;0;1;false;;1
interactive-discover-2;4;0;0;false;;1
interactive-discover-3;0;0;0;false;;1
interactive-discover-3;1;0;0;false;;1
interactive-discover-3;2;0;0;false;;1
interactive-discover-3;3;0;0;false;;1
interactive-discover-3;4;0;0;false;;1
interactive-discover-4;0;0;0;false;;2
interactive-discover-4;1;0;0;false;;2
interactive-discover-4;2;0;0;false;;2
interactive-discover-4;3;0;0;false;;2
interactive-discover-4;4;0;0;false;;2
interactive-discover-5;0;0;0;false;;1
interactive-discover-5;1;0;0;false;;1
interactive-discover-5;2;0;0;false;;1
interactive-discover-5;3;0;0;false;;1
interactive-discover-5;4;0;0;false;;1
interactive-discover-6;0;0;0;false;;1
interactive-discover-6;1;0;0;false;;1
interactive-discover-6;2;0;0;false;;1
interactive-discover-6;3;0;0;false;;1
interactive-discover-6;4;0;0;false;;1
interactive-discover-7;0;0;0;false;;1
interactive-discover-7;1;0;0;false;;1
interactive-discover-7;2;0;2;false;;1
interactive-discover-7;3;0;0;false;;1
interactive-discover-7;4;0;0;false;;1
interactive-discover-8;0;10;27801;false;20606 20606 20606 22408 22408 22408 24740 24740 26516 26516;410
interactive-discover-8;1;10;36226;false;31615 31616 31616 33122 33122 33122 33122 35202 35202 35202;400
interactive-discover-8;2;10;20332;false;18537 18538 18538 18538 19293 19293 19293 20012 20012 20012;435
interactive-discover-8;3;10;63615;false;59437 59437 59437 60317 60317 60317 62528 62528 62528 62528;447
interactive-discover-8;4;10;38334;false;34034 34034 34034 34034 35918 35918 35918 35918 37631 37632;453
