name;id;results;time;error;timestamps;httpRequests
interactive-short-1;0;1;118515;true;2009;
interactive-short-1;1;1;118230;true;828;
interactive-short-1;2;1;118351;true;10206;
interactive-short-1;3;1;118396;true;2204;
interactive-short-1;4;1;118599;true;10602;
interactive-short-2;0;0;118582;true;;
interactive-short-2;1;0;120044;true;;
interactive-short-2;2;0;118198;true;;
interactive-short-2;3;0;118217;true;;
interactive-short-2;4;0;118608;true;;
interactive-short-3;0;0;121630;true;;
interactive-short-3;1;0;134293;true;;
interactive-short-3;2;0;119898;true;;
interactive-short-3;3;0;120044;true;;
interactive-short-3;4;0;121400;true;;
interactive-short-4;0;1;119116;true;1;
interactive-short-4;1;1;119448;true;1;
interactive-short-4;2;1;119026;true;1;
interactive-short-4;3;1;119071;true;8;
interactive-short-4;4;1;118937;true;0;
interactive-short-5;0;0;119205;true;;
interactive-short-5;1;0;119001;true;;
interactive-short-5;2;0;121261;true;;
interactive-short-5;3;0;118556;true;;
interactive-short-5;4;0;118814;true;;
interactive-short-6;0;0;119150;true;;
interactive-short-6;1;0;118798;true;;
interactive-short-6;2;0;117712;true;;
interactive-short-6;3;0;119608;true;;
interactive-short-6;4;0;118227;true;;
interactive-short-7;0;0;119094;true;;
interactive-short-7;1;0;118784;true;;
interactive-short-7;2;0;119009;true;;
interactive-short-7;3;0;118831;true;;
interactive-short-7;4;0;118596;true;;
