name;id;results;time;error;timestamps;httpRequests
interactive-short-1;0;1;1696;false;1185;59
interactive-short-1;1;1;1002;false;191;58
interactive-short-1;2;1;882;false;87;51
interactive-short-1;3;1;1000;false;794;38
interactive-short-1;4;1;1392;false;1194;53
interactive-short-2;0;0;120134;true;;
interactive-short-2;1;0;118249;true;;
interactive-short-2;2;0;118148;true;;
interactive-short-2;3;0;117848;true;;
interactive-short-2;4;0;116900;true;;
interactive-short-3;0;0;123211;true;;
interactive-short-3;1;0;123598;true;;
interactive-short-3;2;0;121652;true;;
interactive-short-3;3;0;122597;true;;
interactive-short-3;4;0;121999;true;;
interactive-short-4;0;1;6;false;5;1
interactive-short-4;1;1;2;false;2;1
interactive-short-4;2;1;2;false;2;1
interactive-short-4;3;1;130;false;13;6
interactive-short-4;4;1;77;false;68;2
interactive-short-5;0;1;8889;false;8800;593
interactive-short-5;1;1;2293;false;2269;303
interactive-short-5;2;1;759;false;755;48
interactive-short-5;3;1;618;false;617;48
interactive-short-5;4;1;2335;false;2309;275
interactive-short-6;0;0;119964;true;;
interactive-short-6;1;0;118620;true;;
interactive-short-6;2;0;117895;true;;
interactive-short-6;3;0;119903;true;;
interactive-short-6;4;0;118287;true;;
interactive-short-7;0;0;118710;true;;
interactive-short-7;1;0;118721;true;;
interactive-short-7;2;0;118618;true;;
interactive-short-7;3;0;120020;true;;
interactive-short-7;4;0;117888;true;;
