name;id;results;time;error;timestamps;httpRequests
interactive-complex-1;0;0;0;true;;
interactive-complex-1;1;0;0;true;;
interactive-complex-1;2;0;0;true;;
interactive-complex-1;3;0;0;true;;
interactive-complex-1;4;0;0;true;;
interactive-complex-10;0;0;0;true;;
interactive-complex-10;1;0;0;true;;
interactive-complex-10;2;0;0;true;;
interactive-complex-10;3;0;0;true;;
interactive-complex-10;4;0;0;true;;
interactive-complex-11;0;0;118095;true;;
interactive-complex-11;1;0;118103;true;;
interactive-complex-11;2;0;118394;true;;
interactive-complex-11;3;0;117825;true;;
interactive-complex-11;4;0;118404;true;;
interactive-complex-12;0;0;0;true;;
interactive-complex-12;1;0;0;true;;
interactive-complex-12;2;0;0;true;;
interactive-complex-12;3;0;0;true;;
interactive-complex-12;4;0;0;true;;
interactive-complex-2;0;0;119233;true;;
interactive-complex-2;1;0;119189;true;;
interactive-complex-2;2;0;120219;true;;
interactive-complex-2;3;0;123129;true;;
interactive-complex-2;4;0;119085;true;;
interactive-complex-3;0;0;0;true;;
interactive-complex-3;1;0;0;true;;
interactive-complex-3;2;0;0;true;;
interactive-complex-3;3;0;0;true;;
interactive-complex-3;4;0;0;true;;
interactive-complex-4;0;0;0;true;;
interactive-complex-4;1;0;0;true;;
interactive-complex-4;2;0;0;true;;
interactive-complex-4;3;0;0;true;;
interactive-complex-4;4;0;0;true;;
interactive-complex-5;0;0;0;true;;
interactive-complex-5;1;0;0;true;;
interactive-complex-5;2;0;0;true;;
interactive-complex-5;3;0;0;true;;
interactive-complex-5;4;0;0;true;;
interactive-complex-6;0;0;0;true;;
interactive-complex-6;1;0;0;true;;
interactive-complex-6;2;0;0;true;;
interactive-complex-6;3;0;0;true;;
interactive-complex-6;4;0;0;true;;
interactive-complex-7;0;0;0;true;;
interactive-complex-7;1;0;0;true;;
interactive-complex-7;2;0;0;true;;
interactive-complex-7;3;0;0;true;;
interactive-complex-7;4;0;0;true;;
interactive-complex-8;0;0;121739;true;;
interactive-complex-8;1;0;118343;true;;
interactive-complex-8;2;0;124553;true;;
interactive-complex-8;3;0;126724;true;;
interactive-complex-8;4;0;126626;true;;
interactive-complex-9;0;0;118534;true;;
interactive-complex-9;1;0;118202;true;;
interactive-complex-9;2;0;119117;true;;
interactive-complex-9;3;0;118531;true;;
interactive-complex-9;4;0;118603;true;;
