name;id;results;time;error;timestamps;httpRequests
interactive-discover-1;0;0;0;false;;1
interactive-discover-1;1;0;0;false;;1
interactive-discover-1;2;0;0;false;;1
interactive-discover-1;3;0;0;false;;1
interactive-discover-1;4;0;0;false;;1
interactive-discover-2;0;0;1;false;;1
interactive-discover-2;1;0;3;false;;1
interactive-discover-2;2;0;0;false;;1
interactive-discover-2;3;0;0;false;;1
interactive-discover-2;4;0;0;false;;1
interactive-discover-3;0;0;0;false;;1
interactive-discover-3;1;0;0;false;;1
interactive-discover-3;2;0;0;false;;1
interactive-discover-3;3;0;0;false;;1
interactive-discover-3;4;0;0;false;;1
interactive-discover-4;0;0;1;false;;1
interactive-discover-4;1;0;0;false;;1
interactive-discover-4;2;0;0;false;;1
interactive-discover-4;3;0;0;false;;1
interactive-discover-4;4;0;0;false;;1
interactive-discover-5;0;0;0;false;;1
interactive-discover-5;1;0;1;false;;1
interactive-discover-5;2;0;0;false;;1
interactive-discover-5;3;0;2;false;;1
interactive-discover-5;4;0;0;false;;1
interactive-discover-6;0;0;0;false;;1
interactive-discover-6;1;0;0;false;;1
interactive-discover-6;2;0;0;false;;1
interactive-discover-6;3;0;0;false;;1
interactive-discover-6;4;0;0;false;;1
interactive-discover-7;0;0;0;false;;1
interactive-discover-7;1;0;0;false;;1
interactive-discover-7;2;0;0;false;;1
interactive-discover-7;3;0;0;false;;1
interactive-discover-7;4;0;0;false;;1
interactive-discover-8;0;0;196;false;;1
interactive-discover-8;1;0;265;false;;1
interactive-discover-8;2;0;194;false;;1
interactive-discover-8;3;0;686;false;;1
interactive-discover-8;4;0;387;false;;1
