name;id;results;time;error;timestamps;httpRequests
interactive-short-1;0;0;138835;true;;
interactive-short-1;1;0;123672;true;;
interactive-short-1;2;0;122494;true;;
interactive-short-1;3;0;128031;true;;
interactive-short-1;4;0;129212;true;;
interactive-short-2;0;0;121711;true;;
interactive-short-2;1;0;124511;true;;
interactive-short-2;2;0;128406;true;;
interactive-short-2;3;0;122994;true;;
interactive-short-2;4;0;124370;true;;
interactive-short-3;0;0;125195;true;;
interactive-short-3;1;0;122259;true;;
interactive-short-3;2;0;123907;true;;
interactive-short-3;3;0;121313;true;;
interactive-short-3;4;0;123904;true;;
interactive-short-4;0;0;83775;true;;
interactive-short-4;1;0;127708;true;;
interactive-short-4;2;0;123312;true;;
interactive-short-4;3;0;61141;true;;
interactive-short-4;4;0;123114;true;;
interactive-short-5;0;0;125076;true;;
interactive-short-5;1;0;69905;true;;
interactive-short-5;2;0;115947;true;;
interactive-short-5;3;0;100426;true;;
interactive-short-5;4;0;72890;true;;
interactive-short-6;0;1;127971;true;6207;
interactive-short-6;1;1;123609;true;19985;
interactive-short-6;2;0;118841;true;;
interactive-short-6;3;1;127204;true;3099;
interactive-short-6;4;0;117400;true;;
interactive-short-7;0;0;128311;true;;
interactive-short-7;1;0;122252;true;;
interactive-short-7;2;0;107461;true;;
interactive-short-7;3;0;130112;true;;
interactive-short-7;4;0;94344;true;;
