name;id;results;time;error;timestamps;httpRequests
interactive-complex-1;0;1;3;false;2;8
interactive-complex-1;1;1;1;false;1;9
interactive-complex-1;2;0;0;false;;4
interactive-complex-1;3;0;0;true;;
interactive-complex-1;4;6;9;false;7 7 7 7 8 9;15
interactive-complex-10;0;0;40;false;;11
interactive-complex-10;1;0;597;false;;57
interactive-complex-10;2;0;190;false;;74
interactive-complex-10;3;0;106694;true;;
interactive-complex-10;4;0;1100;false;;8
interactive-complex-11;0;0;92;false;;8
interactive-complex-11;1;0;191;false;;9
interactive-complex-11;2;0;101;false;;4
interactive-complex-11;3;0;20735;false;;1696
interactive-complex-11;4;0;205;false;;15
interactive-complex-12;0;0;0;false;;381
interactive-complex-12;1;0;2;false;;639
interactive-complex-12;2;0;0;false;;93
interactive-complex-12;3;0;0;false;;83
interactive-complex-12;4;0;0;false;;978
interactive-complex-2;0;0;120013;true;;
interactive-complex-2;1;0;118727;true;;
interactive-complex-2;2;0;47956;false;;92
interactive-complex-2;3;0;27494;false;;82
interactive-complex-2;4;0;119875;true;;
interactive-complex-3;0;0;0;true;;
interactive-complex-3;1;0;2;false;;89
interactive-complex-3;2;0;0;false;;95
interactive-complex-3;3;0;0;true;;
interactive-complex-3;4;0;0;true;;
interactive-complex-4;0;0;0;false;;299
interactive-complex-4;1;0;0;false;;243
interactive-complex-4;2;0;0;false;;1
interactive-complex-4;3;0;0;false;;1
interactive-complex-4;4;0;0;false;;1
interactive-complex-5;0;0;0;false;;458
interactive-complex-5;1;0;0;false;;1
interactive-complex-5;2;0;2;false;;3
interactive-complex-5;3;0;0;false;;691
interactive-complex-5;4;0;0;false;;871
interactive-complex-6;0;0;0;false;;1
interactive-complex-6;1;0;0;false;;1
interactive-complex-6;2;0;0;false;;1
interactive-complex-6;3;0;3132;false;;421
interactive-complex-6;4;0;180;false;;3
interactive-complex-7;0;0;0;true;;
interactive-complex-7;1;0;0;true;;
interactive-complex-7;2;0;0;true;;
interactive-complex-7;3;0;0;true;;
interactive-complex-7;4;0;0;true;;
interactive-complex-8;0;0;20414;false;;82
interactive-complex-8;1;0;10450;false;;82
interactive-complex-8;2;0;13843;false;;76
interactive-complex-8;3;0;9861;false;;82
interactive-complex-8;4;0;9678;false;;82
interactive-complex-9;0;0;39031;false;;82
interactive-complex-9;1;0;119689;true;;
interactive-complex-9;2;0;47496;false;;82
interactive-complex-9;3;0;35988;false;;82
interactive-complex-9;4;0;120656;true;;
