name;id;results;time;error;timestamps;httpRequests
interactive-short-1;0;0;1262;false;;52
interactive-short-1;1;0;811;false;;51
interactive-short-1;2;0;498;false;;44
interactive-short-1;3;0;552;false;;31
interactive-short-1;4;0;835;false;;46
interactive-short-2;0;0;119944;true;;
interactive-short-2;1;1;119258;true;223;
interactive-short-2;2;1;119264;true;1058;
interactive-short-2;3;1;119170;true;1792;
interactive-short-2;4;0;119075;true;;
interactive-short-3;0;0;9329;false;;52
interactive-short-3;1;0;1237;false;;51
interactive-short-3;2;0;915;false;;44
interactive-short-3;3;0;3921;false;;31
interactive-short-3;4;0;6496;false;;46
interactive-short-4;0;1;2;false;1;1
interactive-short-4;1;1;39;false;38;1
interactive-short-4;2;1;0;false;0;1
interactive-short-4;3;1;43;false;43;6
interactive-short-4;4;1;9;false;8;2
interactive-short-5;0;0;0;false;;1
interactive-short-5;1;0;0;false;;1
interactive-short-5;2;0;277;false;;13
interactive-short-5;3;0;178;false;;18
interactive-short-5;4;0;0;false;;1
interactive-short-6;0;0;120000;true;;
interactive-short-6;1;0;119202;true;;
interactive-short-6;2;0;118933;true;;
interactive-short-6;3;0;119362;true;;
interactive-short-6;4;0;119120;true;;
interactive-short-7;0;0;14;false;;2
interactive-short-7;1;0;0;false;;1
interactive-short-7;2;0;0;false;;1
interactive-short-7;3;0;83;false;;2
interactive-short-7;4;0;0;false;;1
