name;id;results;time;error;timestamps;httpRequests
interactive-short-1;0;0;931;false;;58
interactive-short-1;1;0;772;false;;57
interactive-short-1;2;0;540;false;;50
interactive-short-1;3;0;375;false;;37
interactive-short-1;4;0;544;false;;52
interactive-short-2;0;10;3709;false;3299 3349 3383 3430 3464 3517 3557 3598 3647 3706;58
interactive-short-2;1;10;3164;false;2496 2548 2610 2652 2710 2753 3021 3060 3124 3164;57
interactive-short-2;2;10;1493;false;1167 1208 1235 1289 1318 1352 1389 1423 1461 1493;50
interactive-short-2;3;10;2493;false;2217 2244 2279 2311 2332 2350 2402 2432 2450 2492;37
interactive-short-2;4;10;3673;false;3284 3305 3381 3414 3470 3509 3568 3588 3619 3672;52
interactive-short-3;0;0;33143;false;;58
interactive-short-3;1;0;4300;false;;57
interactive-short-3;2;0;2663;false;;50
interactive-short-3;3;0;9520;false;;37
interactive-short-3;4;0;31115;false;;52
interactive-short-4;0;1;2;false;2;1
interactive-short-4;1;1;0;false;0;1
interactive-short-4;2;1;3;false;2;1
interactive-short-4;3;1;40;false;0;6
interactive-short-4;4;1;11;false;1;2
interactive-short-5;0;0;1;false;;1
interactive-short-5;1;0;3;false;;1
interactive-short-5;2;0;109;false;;13
interactive-short-5;3;0;292;false;;18
interactive-short-5;4;0;3;false;;1
interactive-short-6;0;0;23;false;;2
interactive-short-6;1;0;14;false;;2
interactive-short-6;2;0;183;false;;1
interactive-short-6;3;0;11;false;;1
interactive-short-6;4;0;10;false;;1
interactive-short-7;0;0;4;false;;2
interactive-short-7;1;0;0;false;;1
interactive-short-7;2;0;0;false;;1
interactive-short-7;3;0;6;false;;2
interactive-short-7;4;0;0;false;;1
