name;id;results;time;error;timestamps;httpRequests
interactive-short-1;0;0;122030;true;;
interactive-short-1;1;0;125587;true;;
interactive-short-1;2;0;122835;true;;
interactive-short-1;3;0;123462;true;;
interactive-short-1;4;0;125322;true;;
interactive-short-2;0;0;125393;true;;
interactive-short-2;1;0;123227;true;;
interactive-short-2;2;0;123758;true;;
interactive-short-2;3;0;133326;true;;
interactive-short-2;4;0;125873;true;;
interactive-short-3;0;0;126945;true;;
interactive-short-3;1;0;134305;true;;
interactive-short-3;2;0;123563;true;;
interactive-short-3;3;0;121615;true;;
interactive-short-3;4;0;123966;true;;
interactive-short-4;0;0;123225;true;;
interactive-short-4;1;0;64120;true;;
interactive-short-4;2;0;86488;true;;
interactive-short-4;3;0;63841;true;;
interactive-short-4;4;0;124489;true;;
interactive-short-5;0;0;92975;true;;
interactive-short-5;1;0;88607;true;;
interactive-short-5;2;0;68625;true;;
interactive-short-5;3;0;90655;true;;
interactive-short-5;4;0;81990;true;;
interactive-short-6;0;1;127069;true;21141;
interactive-short-6;1;1;132418;true;19345;
interactive-short-6;2;0;81143;true;;
interactive-short-6;3;1;122379;true;2385;
interactive-short-6;4;0;105496;true;;
interactive-short-7;0;0;125527;true;;
interactive-short-7;1;0;123280;true;;
interactive-short-7;2;0;72175;true;;
interactive-short-7;3;0;124782;true;;
interactive-short-7;4;0;67512;true;;
