name;id;results;time;error;timestamps;httpRequests
interactive-complex-1;0;0;3;false;;1
interactive-complex-1;1;0;0;false;;1
interactive-complex-1;2;0;0;false;;1
interactive-complex-1;3;0;0;false;;1
interactive-complex-1;4;0;0;false;;1
interactive-complex-10;0;0;41;false;;1
interactive-complex-10;1;0;119861;true;;
interactive-complex-10;2;0;119410;true;;
interactive-complex-10;3;0;904;false;;1
interactive-complex-10;4;0;204;false;;1
interactive-complex-11;0;0;2;false;;1
interactive-complex-11;1;0;1;false;;1
interactive-complex-11;2;0;77;false;;1
interactive-complex-11;3;0;79;false;;1
interactive-complex-11;4;0;98;false;;1
interactive-complex-12;0;0;0;false;;1
interactive-complex-12;1;0;0;false;;1
interactive-complex-12;2;0;0;false;;1
interactive-complex-12;3;0;0;false;;1
interactive-complex-12;4;0;0;false;;1
interactive-complex-2;0;0;77;false;;1
interactive-complex-2;1;0;20;false;;1
interactive-complex-2;2;0;6;false;;1
interactive-complex-2;3;0;8;false;;1
interactive-complex-2;4;0;14;false;;1
interactive-complex-3;0;0;0;false;;1
interactive-complex-3;1;0;1;false;;1
interactive-complex-3;2;0;0;false;;1
interactive-complex-3;3;0;0;false;;1
interactive-complex-3;4;0;0;false;;1
interactive-complex-4;0;0;0;false;;1
interactive-complex-4;1;0;0;false;;1
interactive-complex-4;2;0;0;false;;1
interactive-complex-4;3;0;0;false;;1
interactive-complex-4;4;0;0;false;;1
interactive-complex-5;0;0;2;false;;1
interactive-complex-5;1;0;0;false;;1
interactive-complex-5;2;0;0;false;;1
interactive-complex-5;3;0;1;false;;1
interactive-complex-5;4;0;0;false;;1
interactive-complex-6;0;0;0;false;;1
interactive-complex-6;1;0;0;false;;1
interactive-complex-6;2;0;0;false;;1
interactive-complex-6;3;0;174;false;;1
interactive-complex-6;4;0;12;false;;2
interactive-complex-7;0;0;112872;true;;
interactive-complex-7;1;0;106277;true;;
interactive-complex-7;2;0;107103;true;;
interactive-complex-7;3;0;108569;true;;
interactive-complex-7;4;0;111157;true;;
interactive-complex-8;0;0;4;false;;1
interactive-complex-8;1;0;2;false;;1
interactive-complex-8;2;0;1;false;;1
interactive-complex-8;3;0;1;false;;1
interactive-complex-8;4;0;1;false;;1
interactive-complex-9;0;0;110;false;;1
interactive-complex-9;1;0;183;false;;1
interactive-complex-9;2;0;84;false;;1
interactive-complex-9;3;0;193;false;;1
interactive-complex-9;4;0;108;false;;1
