name;id;results;time;error;timestamps;httpRequests
interactive-short-1;0;0;725;false;;38
interactive-short-1;1;0;481;false;;37
interactive-short-1;2;0;901;false;;33
interactive-short-1;3;0;313;false;;12
interactive-short-1;4;0;540;false;;32
interactive-short-2;0;0;119955;true;;
interactive-short-2;1;1;119184;true;1174;
interactive-short-2;2;1;119299;true;859;
interactive-short-2;3;1;119281;true;1902;
interactive-short-2;4;0;119114;true;;
interactive-short-3;0;0;8731;false;;38
interactive-short-3;1;0;1201;false;;37
interactive-short-3;2;0;812;false;;33
interactive-short-3;3;0;3581;false;;12
interactive-short-3;4;0;5615;false;;32
interactive-short-4;0;1;2;false;1;1
interactive-short-4;1;1;1;false;0;1
interactive-short-4;2;1;1;false;1;1
interactive-short-4;3;1;151;false;151;6
interactive-short-4;4;1;51;false;50;2
interactive-short-5;0;0;3;false;;1
interactive-short-5;1;0;2;false;;1
interactive-short-5;2;0;66;false;;13
interactive-short-5;3;0;388;false;;18
interactive-short-5;4;0;2;false;;1
interactive-short-6;0;0;119996;true;;
interactive-short-6;1;0;119148;true;;
interactive-short-6;2;0;118893;true;;
interactive-short-6;3;0;119285;true;;
interactive-short-6;4;0;119215;true;;
interactive-short-7;0;0;88;false;;2
interactive-short-7;1;0;0;false;;1
interactive-short-7;2;0;0;false;;1
interactive-short-7;3;0;85;false;;2
interactive-short-7;4;0;0;false;;1
