name;id;results;time;error;timestamps;httpRequests
interactive-short-1;0;1;817;false;816;39
interactive-short-1;1;1;837;false;836;38
interactive-short-1;2;1;722;false;721;34
interactive-short-1;3;1;304;false;303;13
interactive-short-1;4;1;530;false;530;33
interactive-short-2;0;1;119749;true;30212;
interactive-short-2;1;1;121470;true;30089;
interactive-short-2;2;1;134379;true;28863;
interactive-short-2;3;1;119638;true;35361;
interactive-short-2;4;0;133630;true;;
interactive-short-3;0;0;119725;true;;
interactive-short-3;1;0;120625;true;;
interactive-short-3;2;0;128814;true;;
interactive-short-3;3;0;120775;true;;
interactive-short-3;4;0;119619;true;;
interactive-short-4;0;1;3;false;2;1
interactive-short-4;1;1;2;false;1;1
interactive-short-4;2;1;1;false;1;1
interactive-short-4;3;1;207;false;205;6
interactive-short-4;4;1;17;false;16;2
interactive-short-5;0;1;6105;false;6104;570
interactive-short-5;1;1;2281;false;2281;276
interactive-short-5;2;1;206;false;206;24
interactive-short-5;3;1;425;false;424;22
interactive-short-5;4;1;1877;false;1877;253
interactive-short-6;0;1;124405;true;106;
interactive-short-6;1;1;123567;true;206;
interactive-short-6;2;0;118875;true;;
interactive-short-6;3;1;120201;true;256;
interactive-short-6;4;0;119114;true;;
interactive-short-7;0;0;119229;true;;
interactive-short-7;1;0;119131;true;;
interactive-short-7;2;0;119179;true;;
interactive-short-7;3;0;119905;true;;
interactive-short-7;4;0;118593;true;;
