name;id;results;time;error;timestamps;httpRequests
interactive-discover-1;0;0;124017;true;;
interactive-discover-1;1;0;124001;true;;
interactive-discover-1;2;0;123371;true;;
interactive-discover-1;3;0;120420;true;;
interactive-discover-1;4;0;119320;true;;
interactive-discover-2;0;0;119725;true;;
interactive-discover-2;1;0;119632;true;;
interactive-discover-2;2;0;119228;true;;
interactive-discover-2;3;0;118726;true;;
interactive-discover-2;4;0;119188;true;;
interactive-discover-3;0;0;0;true;;
interactive-discover-3;1;0;0;true;;
interactive-discover-3;2;0;0;true;;
interactive-discover-3;3;0;0;true;;
interactive-discover-3;4;0;0;true;;
interactive-discover-4;0;0;0;true;;
interactive-discover-4;1;0;0;true;;
interactive-discover-4;2;0;0;true;;
interactive-discover-4;3;0;0;true;;
interactive-discover-4;4;0;0;true;;
interactive-discover-5;0;8;118742;true;13314 13314 72302 81043 83497 89033 89033 96593;
interactive-discover-5;1;1;119130;true;10074;
interactive-discover-5;2;1;119079;true;6988;
interactive-discover-5;3;1;119295;true;14736;
interactive-discover-5;4;13;119286;true;9909 12610 15706 19787 21078 23828 38150 39555 46849 61506 110498 115425 117507;
interactive-discover-6;0;0;119124;true;;
interactive-discover-6;1;0;118753;true;;
interactive-discover-6;2;0;118813;true;;
interactive-discover-6;3;0;118790;true;;
interactive-discover-6;4;0;119367;true;;
interactive-discover-7;0;0;118935;true;;
interactive-discover-7;1;0;118986;true;;
interactive-discover-7;2;0;118516;true;;
interactive-discover-7;3;0;119130;true;;
interactive-discover-7;4;0;118897;true;;
interactive-discover-8;0;10;78396;false;59392 59392 64323 64323 64323 70126 70126 70126 75722 75723;488
interactive-discover-8;1;10;46617;false;35896 35896 35897 35897 40329 40329 40329 40329 44524 44524;463
interactive-discover-8;2;10;41476;false;34360 34360 34361 34361 39185 39185 39185 40788 40788 40788;441
interactive-discover-8;3;10;104098;false;89798 89798 89798 95087 95087 95087 95087 101010 101010 101010;416
interactive-discover-8;4;10;86318;false;73608 73608 73608 73608 77599 77599 77599 83807 83807 83807;420
