name;id;results;time;error;timestamps;httpRequests
interactive-short-1;0;0;375;false;;44
interactive-short-1;1;0;260;false;;43
interactive-short-1;2;0;212;false;;39
interactive-short-1;3;0;264;false;;18
interactive-short-1;4;0;284;false;;38
interactive-short-2;0;10;2956;false;2716 2747 2772 2809 2827 2858 2877 2908 2932 2956;44
interactive-short-2;1;10;1821;false;1494 1522 1541 1597 1633 1673 1706 1740 1787 1820;43
interactive-short-2;2;10;1128;false;866 893 920 951 988 1009 1043 1065 1102 1128;39
interactive-short-2;3;10;1421;false;1236 1244 1296 1317 1328 1346 1356 1385 1409 1421;18
interactive-short-2;4;10;2255;false;1955 1976 2047 2081 2099 2156 2169 2192 2210 2255;38
interactive-short-3;0;0;25020;false;;44
interactive-short-3;1;0;3698;false;;43
interactive-short-3;2;0;2182;false;;39
interactive-short-3;3;0;5749;false;;18
interactive-short-3;4;0;21633;false;;38
interactive-short-4;0;1;0;false;0;1
interactive-short-4;1;1;0;false;0;1
interactive-short-4;2;1;0;false;0;1
interactive-short-4;3;1;33;false;0;6
interactive-short-4;4;1;9;false;0;2
interactive-short-5;0;0;1;false;;1
interactive-short-5;1;0;2;false;;1
interactive-short-5;2;0;64;false;;13
interactive-short-5;3;0;273;false;;18
interactive-short-5;4;0;1;false;;1
interactive-short-6;0;0;17;false;;2
interactive-short-6;1;0;13;false;;2
interactive-short-6;2;0;95;false;;1
interactive-short-6;3;0;9;false;;1
interactive-short-6;4;0;6;false;;1
interactive-short-7;0;0;41;false;;2
interactive-short-7;1;0;2;false;;1
interactive-short-7;2;0;0;false;;1
interactive-short-7;3;0;4;false;;2
interactive-short-7;4;0;4;false;;1
