name;id;results;time;error;timestamps;httpRequests
interactive-complex-1;0;0;3;false;;23
interactive-complex-1;1;0;0;false;;40
interactive-complex-1;2;0;0;false;;40
interactive-complex-1;3;0;0;true;;
interactive-complex-1;4;0;0;false;;18
interactive-complex-10;0;0;35;false;;23
interactive-complex-10;1;0;115;false;;40
interactive-complex-10;2;0;230;false;;40
interactive-complex-10;3;0;401;false;;61
interactive-complex-10;4;0;256;false;;18
interactive-complex-11;0;0;202;false;;23
interactive-complex-11;1;0;529;false;;40
interactive-complex-11;2;0;412;false;;40
interactive-complex-11;3;0;631;false;;61
interactive-complex-11;4;0;193;false;;18
interactive-complex-12;0;0;0;false;;72
interactive-complex-12;1;0;0;false;;67
interactive-complex-12;2;0;0;false;;10
interactive-complex-12;3;0;0;false;;35
interactive-complex-12;4;0;0;true;;
interactive-complex-2;0;0;66551;false;;72
interactive-complex-2;1;0;47224;false;;67
interactive-complex-2;2;0;2779;false;;10
interactive-complex-2;3;0;10895;false;;35
interactive-complex-2;4;0;119602;false;;55
interactive-complex-3;0;0;0;false;;37
interactive-complex-3;1;0;0;false;;14
interactive-complex-3;2;0;0;false;;27
interactive-complex-3;3;0;0;false;;122
interactive-complex-3;4;0;0;false;;139
interactive-complex-4;0;0;0;false;;31
interactive-complex-4;1;0;0;false;;54
interactive-complex-4;2;0;0;false;;18
interactive-complex-4;3;0;0;false;;17
interactive-complex-4;4;0;0;false;;17
interactive-complex-5;0;0;0;false;;37
interactive-complex-5;1;0;0;false;;14
interactive-complex-5;2;0;16;false;;27
interactive-complex-5;3;0;0;false;;122
interactive-complex-5;4;0;0;false;;139
interactive-complex-6;0;0;0;false;;23
interactive-complex-6;1;0;0;false;;40
interactive-complex-6;2;0;0;false;;40
interactive-complex-6;3;0;0;false;;61
interactive-complex-6;4;0;0;false;;18
interactive-complex-7;0;0;0;true;;
interactive-complex-7;1;0;0;true;;
interactive-complex-7;2;0;0;true;;
interactive-complex-7;3;0;0;true;;
interactive-complex-7;4;0;0;true;;
interactive-complex-8;0;0;120120;true;;
interactive-complex-8;1;0;125934;true;;
interactive-complex-8;2;0;124007;true;;
interactive-complex-8;3;0;123057;true;;
interactive-complex-8;4;0;120745;true;;
interactive-complex-9;0;0;19207;false;;31
interactive-complex-9;1;0;120008;true;;
interactive-complex-9;2;0;15022;false;;23
interactive-complex-9;3;0;35801;false;;40
interactive-complex-9;4;0;125405;true;;
