name;id;results;time;error;timestamps;httpRequests
interactive-complex-1;0;0;1;false;;20
interactive-complex-1;1;0;0;false;;31
interactive-complex-1;2;0;0;false;;37
interactive-complex-1;3;0;0;true;;
interactive-complex-1;4;0;0;false;;15
interactive-complex-10;0;0;85;false;;20
interactive-complex-10;1;0;77;false;;31
interactive-complex-10;2;0;160;false;;37
interactive-complex-10;3;0;380;false;;52
interactive-complex-10;4;0;102;false;;15
interactive-complex-11;0;0;279;false;;20
interactive-complex-11;1;0;723;false;;31
interactive-complex-11;2;0;461;false;;37
interactive-complex-11;3;0;701;false;;52
interactive-complex-11;4;0;159;false;;15
interactive-complex-12;0;0;0;false;;64
interactive-complex-12;1;0;0;false;;59
interactive-complex-12;2;0;0;false;;10
interactive-complex-12;3;0;0;false;;31
interactive-complex-12;4;0;0;true;;
interactive-complex-2;0;0;53009;false;;64
interactive-complex-2;1;0;35007;false;;59
interactive-complex-2;2;0;3062;false;;10
interactive-complex-2;3;0;10323;false;;31
interactive-complex-2;4;0;96352;false;;47
interactive-complex-3;0;0;0;false;;30
interactive-complex-3;1;0;0;false;;14
interactive-complex-3;2;0;0;false;;19
interactive-complex-3;3;0;0;false;;114
interactive-complex-3;4;0;0;false;;131
interactive-complex-4;0;0;0;false;;25
interactive-complex-4;1;0;0;false;;48
interactive-complex-4;2;0;0;false;;13
interactive-complex-4;3;0;0;false;;15
interactive-complex-4;4;0;0;false;;17
interactive-complex-5;0;0;0;false;;30
interactive-complex-5;1;0;0;false;;14
interactive-complex-5;2;0;0;false;;19
interactive-complex-5;3;0;0;false;;114
interactive-complex-5;4;0;0;false;;131
interactive-complex-6;0;0;0;false;;20
interactive-complex-6;1;0;0;false;;31
interactive-complex-6;2;0;3;false;;1
interactive-complex-6;3;0;0;false;;52
interactive-complex-6;4;0;0;false;;15
interactive-complex-7;0;0;0;true;;
interactive-complex-7;1;0;0;true;;
interactive-complex-7;2;0;0;true;;
interactive-complex-7;3;0;0;true;;
interactive-complex-7;4;0;0;true;;
interactive-complex-8;0;0;119125;true;;
interactive-complex-8;1;0;128239;true;;
interactive-complex-8;2;0;123045;true;;
interactive-complex-8;3;0;119927;true;;
interactive-complex-8;4;0;127480;true;;
interactive-complex-9;0;0;19986;false;;27
interactive-complex-9;1;0;120064;true;;
interactive-complex-9;2;0;14742;false;;20
interactive-complex-9;3;0;30845;false;;31
interactive-complex-9;4;0;123805;true;;
