name;id;results;time;error;timestamps;httpRequests
interactive-short-1;0;1;1671;false;1371;59
interactive-short-1;1;1;938;false;86;58
interactive-short-1;2;1;689;false;388;51
interactive-short-1;3;1;805;false;116;38
interactive-short-1;4;1;1492;false;799;53
interactive-short-2;0;0;119106;true;;
interactive-short-2;1;0;118528;true;;
interactive-short-2;2;0;118235;true;;
interactive-short-2;3;0;118428;true;;
interactive-short-2;4;0;118329;true;;
interactive-short-3;0;0;127766;true;;
interactive-short-3;1;0;129351;true;;
interactive-short-3;2;0;119137;true;;
interactive-short-3;3;0;121124;true;;
interactive-short-3;4;0;118843;true;;
interactive-short-4;0;1;76;false;75;1
interactive-short-4;1;1;2;false;2;1
interactive-short-4;2;1;1;false;1;1
interactive-short-4;3;1;189;false;1;6
interactive-short-4;4;1;83;false;0;2
interactive-short-5;0;1;9250;false;9204;593
interactive-short-5;1;1;2229;false;2202;303
interactive-short-5;2;1;740;false;737;48
interactive-short-5;3;1;948;false;946;48
interactive-short-5;4;1;2518;false;2491;275
interactive-short-6;0;0;120011;true;;
interactive-short-6;1;0;119893;true;;
interactive-short-6;2;0;119383;true;;
interactive-short-6;3;0;118549;true;;
interactive-short-6;4;0;117706;true;;
interactive-short-7;0;0;118724;true;;
interactive-short-7;1;0;119937;true;;
interactive-short-7;2;0;118792;true;;
interactive-short-7;3;0;118696;true;;
interactive-short-7;4;0;117645;true;;
