name;id;results;time;error;timestamps;httpRequests
interactive-discover-1;0;0;120172;true;;
interactive-discover-1;1;0;119409;true;;
interactive-discover-1;2;0;119199;true;;
interactive-discover-1;3;0;120737;true;;
interactive-discover-1;4;0;118352;true;;
interactive-discover-2;0;0;118523;true;;
interactive-discover-2;1;0;118202;true;;
interactive-discover-2;2;0;119039;true;;
interactive-discover-2;3;0;118807;true;;
interactive-discover-2;4;0;119000;true;;
interactive-discover-3;0;0;0;true;;
interactive-discover-3;1;0;0;true;;
interactive-discover-3;2;0;0;true;;
interactive-discover-3;3;0;0;true;;
interactive-discover-3;4;0;0;true;;
interactive-discover-4;0;0;0;true;;
interactive-discover-4;1;0;0;true;;
interactive-discover-4;2;0;0;true;;
interactive-discover-4;3;0;0;true;;
interactive-discover-4;4;0;0;true;;
interactive-discover-5;0;10;118721;true;12549 12549 34120 35027 35027 38242 38574 39763 47735 91983;
interactive-discover-5;1;1;119694;true;10724;
interactive-discover-5;2;1;118121;true;10507;
interactive-discover-5;3;1;118612;true;42292;
interactive-discover-5;4;19;118293;true;9594 9919 12699 13549 14751 15450 23132 23722 29092 34868 49529 51855 52467 66440 69104 69798 71835 94826 107326;
interactive-discover-6;0;0;118417;true;;
interactive-discover-6;1;0;118577;true;;
interactive-discover-6;2;0;118994;true;;
interactive-discover-6;3;0;118286;true;;
interactive-discover-6;4;0;118742;true;;
interactive-discover-7;0;0;118397;true;;
interactive-discover-7;1;0;119214;true;;
interactive-discover-7;2;0;118653;true;;
interactive-discover-7;3;0;121019;true;;
interactive-discover-7;4;0;118132;true;;
interactive-discover-8;0;10;44039;false;33025 33025 35620 35620 35620 37998 37998 37998 41911 41911;476
interactive-discover-8;1;10;32167;false;27175 27175 27175 27175 29107 29107 29107 29107 31280 31280;483
interactive-discover-8;2;10;37013;false;29887 29887 29887 29887 32483 32483 32483 33882 33882 35793;526
interactive-discover-8;3;10;78209;false;62876 62876 62876 64607 64607 64607 68314 68314 68314 73195;473
interactive-discover-8;4;10;44602;false;39778 39778 39778 39778 40921 40921 40921 40921 42820 42820;422
