name;id;results;time;error;timestamps;httpRequests
interactive-discover-1;0;0;126379;true;;
interactive-discover-1;1;0;118825;true;;
interactive-discover-1;2;0;118740;true;;
interactive-discover-1;3;0;118573;true;;
interactive-discover-1;4;0;119446;true;;
interactive-discover-2;0;0;121099;true;;
interactive-discover-2;1;0;119789;true;;
interactive-discover-2;2;0;118919;true;;
interactive-discover-2;3;0;118461;true;;
interactive-discover-2;4;0;120297;true;;
interactive-discover-3;0;0;0;true;;
interactive-discover-3;1;0;0;true;;
interactive-discover-3;2;0;0;true;;
interactive-discover-3;3;0;0;true;;
interactive-discover-3;4;0;0;true;;
interactive-discover-4;0;0;0;true;;
interactive-discover-4;1;0;0;true;;
interactive-discover-4;2;0;0;true;;
interactive-discover-4;3;0;0;true;;
interactive-discover-4;4;0;0;true;;
interactive-discover-5;0;8;118848;true;14549 14549 73290 88153 90648 94695 96394 103965;
interactive-discover-5;1;1;119506;true;10799;
interactive-discover-5;2;1;118701;true;6214;
interactive-discover-5;3;1;118954;true;16664;
interactive-discover-5;4;13;118939;true;10370 12379 16036 19430 21694 21694 37629 40120 46615 62501 110081 115437 117375;
interactive-discover-6;0;0;118630;true;;
interactive-discover-6;1;0;118800;true;;
interactive-discover-6;2;0;118981;true;;
interactive-discover-6;3;0;120394;true;;
interactive-discover-6;4;0;118929;true;;
interactive-discover-7;0;0;118605;true;;
interactive-discover-7;1;0;118931;true;;
interactive-discover-7;2;0;118862;true;;
interactive-discover-7;3;0;119304;true;;
interactive-discover-7;4;0;119346;true;;
interactive-discover-8;0;10;76082;false;55884 55884 55884 61529 61529 61529 67134 67134 67135 72497;481
interactive-discover-8;1;10;46143;false;35439 35439 35439 35439 39826 39826 39826 39826 44047 44047;463
interactive-discover-8;2;10;47193;false;42295 42295 42295 42295 44689 44689 44689 46305 46305 46305;443
interactive-discover-8;3;10;109948;false;91089 91089 94227 94227 94227 94227 106437 106437 106437 106437;408
interactive-discover-8;4;10;81999;false;68895 68895 68895 68895 75206 75206 75206 75206 79931 79931;414
