name;id;results;time;error;timestamps;httpRequests
interactive-short-1;0;0;128385;true;;
interactive-short-1;1;0;124045;true;;
interactive-short-1;2;0;127710;true;;
interactive-short-1;3;0;120936;true;;
interactive-short-1;4;0;121107;true;;
interactive-short-2;0;0;122404;true;;
interactive-short-2;1;0;123058;true;;
interactive-short-2;2;0;122875;true;;
interactive-short-2;3;0;128921;true;;
interactive-short-2;4;0;122158;true;;
interactive-short-3;0;0;136148;true;;
interactive-short-3;1;0;123276;true;;
interactive-short-3;2;0;124005;true;;
interactive-short-3;3;0;129615;true;;
interactive-short-3;4;0;124963;true;;
interactive-short-4;0;0;80966;true;;
interactive-short-4;1;0;129078;true;;
interactive-short-4;2;0;124711;true;;
interactive-short-4;3;0;67831;true;;
interactive-short-4;4;0;124656;true;;
interactive-short-5;0;0;128123;true;;
interactive-short-5;1;0;96880;true;;
interactive-short-5;2;0;89415;true;;
interactive-short-5;3;0;61244;true;;
interactive-short-5;4;0;96890;true;;
interactive-short-6;0;1;130035;true;17192;
interactive-short-6;1;1;122159;true;17646;
interactive-short-6;2;0;135876;true;;
interactive-short-6;3;1;122907;true;10387;
interactive-short-6;4;0;96399;true;;
interactive-short-7;0;0;86149;true;;
interactive-short-7;1;0;121080;true;;
interactive-short-7;2;0;127292;true;;
interactive-short-7;3;0;127005;true;;
interactive-short-7;4;0;69686;true;;
