name;id;results;time;error;timestamps;httpRequests
interactive-short-1;0;1;2603;false;207;51
interactive-short-1;1;1;797;false;92;50
interactive-short-1;2;1;598;false;6;43
interactive-short-1;3;1;704;false;101;30
interactive-short-1;4;1;1173;false;83;45
interactive-short-2;0;0;121429;true;;
interactive-short-2;1;0;119487;true;;
interactive-short-2;2;0;119812;true;;
interactive-short-2;3;0;119912;true;;
interactive-short-2;4;0;120152;true;;
interactive-short-3;0;0;124384;true;;
interactive-short-3;1;0;123621;true;;
interactive-short-3;2;0;120930;true;;
interactive-short-3;3;0;121860;true;;
interactive-short-3;4;0;123107;true;;
interactive-short-4;0;1;2;false;2;1
interactive-short-4;1;1;2;false;2;1
interactive-short-4;2;1;3;false;3;1
interactive-short-4;3;1;190;false;1;6
interactive-short-4;4;1;88;false;86;2
interactive-short-5;0;1;9691;false;9531;585
interactive-short-5;1;1;1911;false;1885;295
interactive-short-5;2;1;530;false;526;39
interactive-short-5;3;1;437;false;432;40
interactive-short-5;4;1;2259;false;2229;267
interactive-short-6;0;0;119966;true;;
interactive-short-6;1;0;119829;true;;
interactive-short-6;2;0;118317;true;;
interactive-short-6;3;0;119705;true;;
interactive-short-6;4;0;118999;true;;
interactive-short-7;0;0;119720;true;;
interactive-short-7;1;0;119522;true;;
interactive-short-7;2;0;119686;true;;
interactive-short-7;3;0;119400;true;;
interactive-short-7;4;0;118295;true;;
