name;id;results;time;error;timestamps;httpRequests
interactive-short-1;0;0;1134;false;;50
interactive-short-1;1;0;792;false;;49
interactive-short-1;2;0;526;false;;42
interactive-short-1;3;0;587;false;;29
interactive-short-1;4;0;621;false;;44
interactive-short-2;0;0;119949;true;;
interactive-short-2;1;1;119884;true;691;
interactive-short-2;2;1;119928;true;1246;
interactive-short-2;3;1;119905;true;1891;
interactive-short-2;4;1;119915;true;2645;
interactive-short-3;0;0;9271;false;;50
interactive-short-3;1;0;1369;false;;49
interactive-short-3;2;0;857;false;;42
interactive-short-3;3;0;3750;false;;29
interactive-short-3;4;0;5860;false;;44
interactive-short-4;0;1;1;false;1;1
interactive-short-4;1;1;0;false;0;1
interactive-short-4;2;1;0;false;0;1
interactive-short-4;3;1;47;false;46;6
interactive-short-4;4;1;20;false;19;2
interactive-short-5;0;0;1;false;;1
interactive-short-5;1;0;5;false;;1
interactive-short-5;2;0;252;false;;13
interactive-short-5;3;0;191;false;;18
interactive-short-5;4;0;1;false;;1
interactive-short-6;0;0;119997;true;;
interactive-short-6;1;0;119941;true;;
interactive-short-6;2;0;119521;true;;
interactive-short-6;3;0;119961;true;;
interactive-short-6;4;0;119819;true;;
interactive-short-7;0;0;24;false;;2
interactive-short-7;1;0;0;false;;1
interactive-short-7;2;0;0;false;;1
interactive-short-7;3;0;4;false;;2
interactive-short-7;4;0;0;false;;1
