name;id;results;time;error;timestamps;httpRequests
interactive-discover-1;0;0;120197;true;;
interactive-discover-1;1;0;119426;true;;
interactive-discover-1;2;0;126997;true;;
interactive-discover-1;3;0;118600;true;;
interactive-discover-1;4;0;118524;true;;
interactive-discover-2;0;0;119021;true;;
interactive-discover-2;1;0;119190;true;;
interactive-discover-2;2;0;118608;true;;
interactive-discover-2;3;0;118544;true;;
interactive-discover-2;4;0;121045;true;;
interactive-discover-3;0;0;0;true;;
interactive-discover-3;1;0;0;true;;
interactive-discover-3;2;0;0;true;;
interactive-discover-3;3;0;0;true;;
interactive-discover-3;4;0;0;true;;
interactive-discover-4;0;0;0;true;;
interactive-discover-4;1;0;0;true;;
interactive-discover-4;2;0;0;true;;
interactive-discover-4;3;0;0;true;;
interactive-discover-4;4;0;0;true;;
interactive-discover-5;0;10;118199;true;14229 14229 35820 36907 37153 37732 38027 39137 58386 106709;
interactive-discover-5;1;1;118622;true;11898;
interactive-discover-5;2;1;119000;true;6879;
interactive-discover-5;3;1;118484;true;50319;
interactive-discover-5;4;19;118413;true;10208 10989 13717 14888 15727 17147 25704 26152 28799 34810 46406 48048 48933 65359 70125 71915 74523 97136 103447;
interactive-discover-6;0;0;118407;true;;
interactive-discover-6;1;0;118512;true;;
interactive-discover-6;2;0;120328;true;;
interactive-discover-6;3;0;121694;true;;
interactive-discover-6;4;0;118609;true;;
interactive-discover-7;0;0;118557;true;;
interactive-discover-7;1;0;118384;true;;
interactive-discover-7;2;0;125620;true;;
interactive-discover-7;3;0;120098;true;;
interactive-discover-7;4;0;118838;true;;
interactive-discover-8;0;10;45228;false;34909 34909 39929 39929 39929 41421 41422 41422 43940 43940;554
interactive-discover-8;1;10;30179;false;26262 26262 26262 26262 28091 28091 28091 28091 29183 29183;477
interactive-discover-8;2;10;32506;false;26950 27420 27420 27420 30110 30110 30110 31527 31527 31527;469
interactive-discover-8;3;10;65033;false;51634 51634 51634 54823 54823 54823 61634 61634 61634 61634;456
interactive-discover-8;4;10;59006;false;49113 49113 49113 49113 51730 51730 57106 57106 57106 57106;433
