name;id;results;time;error;timestamps;httpRequests
interactive-short-1;0;1;1301;false;1300;53
interactive-short-1;1;1;912;false;912;52
interactive-short-1;2;1;439;false;437;45
interactive-short-1;3;1;525;false;524;32
interactive-short-1;4;1;1040;false;1040;47
interactive-short-2;0;0;120312;true;;
interactive-short-2;1;1;128696;true;195;
interactive-short-2;2;1;125204;true;190;
interactive-short-2;3;1;120712;true;33064;
interactive-short-2;4;0;121283;true;;
interactive-short-3;0;0;119722;true;;
interactive-short-3;1;0;119917;true;;
interactive-short-3;2;0;120456;true;;
interactive-short-3;3;0;119142;true;;
interactive-short-3;4;0;120782;true;;
interactive-short-4;0;1;2;false;2;1
interactive-short-4;1;1;5;false;2;1
interactive-short-4;2;1;1;false;1;1
interactive-short-4;3;1;77;false;75;6
interactive-short-4;4;1;42;false;41;2
interactive-short-5;0;1;5741;false;5740;587
interactive-short-5;1;1;2250;false;2249;297
interactive-short-5;2;1;437;false;436;41
interactive-short-5;3;1;653;false;652;42
interactive-short-5;4;1;2126;false;2125;269
interactive-short-6;0;1;121129;true;120;
interactive-short-6;1;1;119659;true;316;
interactive-short-6;2;0;120463;true;;
interactive-short-6;3;1;119805;true;832;
interactive-short-6;4;0;123508;true;;
interactive-short-7;0;0;120880;true;;
interactive-short-7;1;0;119306;true;;
interactive-short-7;2;0;119215;true;;
interactive-short-7;3;0;119251;true;;
interactive-short-7;4;0;118701;true;;
