name;id;results;time;error;timestamps;httpRequests
interactive-short-1;0;0;4;false;;1
interactive-short-1;1;0;7;false;;1
interactive-short-1;2;0;2;false;;1
interactive-short-1;3;0;2;false;;1
interactive-short-1;4;0;2;false;;1
interactive-short-2;0;0;119902;true;;
interactive-short-2;1;0;119939;true;;
interactive-short-2;2;0;119914;true;;
interactive-short-2;3;0;119920;true;;
interactive-short-2;4;0;119939;true;;
interactive-short-3;0;0;492;false;;1
interactive-short-3;1;0;697;false;;1
interactive-short-3;2;0;479;false;;1
interactive-short-3;3;0;1255;false;;1
interactive-short-3;4;0;517;false;;1
interactive-short-4;0;1;2;false;2;1
interactive-short-4;1;1;1;false;0;1
interactive-short-4;2;1;2;false;2;1
interactive-short-4;3;1;70;false;70;6
interactive-short-4;4;1;14;false;14;2
interactive-short-5;0;0;0;false;;1
interactive-short-5;1;0;0;false;;1
interactive-short-5;2;0;76;false;;13
interactive-short-5;3;0;213;false;;18
interactive-short-5;4;0;0;false;;1
interactive-short-6;0;0;119973;true;;
interactive-short-6;1;0;119938;true;;
interactive-short-6;2;0;119584;true;;
interactive-short-6;3;0;119949;true;;
interactive-short-6;4;0;119816;true;;
interactive-short-7;0;0;19;false;;2
interactive-short-7;1;0;0;false;;1
interactive-short-7;2;0;1;false;;1
interactive-short-7;3;0;8;false;;2
interactive-short-7;4;0;4;false;;1
